Book Id,Title,Author,Author l-f,Additional Authors,ISBN,ISBN13,My Rating,Average Rating,Publisher,Binding,Number of Pages,Year Published,Original Publication Year,Date Read,Date Added,Bookshelves,Bookshelves with positions,Exclusive Shelf,My Review,Spoiler,Private Notes,Read Count,Owned Copies
17863,Accelerando,Charles Stross,"Stross, Charles",,"=""0441014151""","=""9780441014156""",0,3.87,Ace,Mass Market Paperback,415,2006,2005,,2025/12/14,to-read,to-read (#186),to-read,,,recommended by Ian,0,0
355862,Erasure,Percival Everett,"Everett, Percival",,"=""0786888156""","=""9780786888153""",0,4.17,Hyperion,Paperback,280,2002,2001,,2025/12/14,to-read,to-read (#185),to-read,,,,0,0
22328,Neuromancer (Sprawl #1),William Gibson,"Gibson, William",,"=""""","=""""",0,3.89,Ace Books,Mass Market Paperback,271,1985,1984,,2017/02/11,to-read,to-read (#6),to-read,,,,0,0
668019,"Firstborn (Dragonlance:  Elven Nations, #1)",Paul B. Thompson,"Thompson, Paul B.",Tonya C. Cook,"=""0786933674""","=""9780786933679""",0,3.89,Wizards of the Coast,Mass Market Paperback,310,2004,1991,,2017/02/13,forgot,forgot (#98),read,,,,1,0
33375622,Her Body and Other Parties: Stories,Carmen Maria Machado,"Machado, Carmen Maria",,"=""155597788X""","=""9781555977887""",0,3.80,Graywolf Press,Paperback,248,2017,2017,,2025/07/19,to-read,to-read (#184),to-read,,,,1,0
42036538,"Gideon the Ninth (The Locked Tomb, #1)",Tamsyn Muir,"Muir, Tamsyn",,"=""1250313198""","=""9781250313195""",0,4.18,Tor,Hardcover,448,2019,2019,,2025/07/19,to-read,to-read (#183),to-read,,,,0,0
102303,Why Didn't They Ask Evans?,Agatha Christie,"Christie, Agatha",,"=""0312981597""","=""9780312981594""",3,3.91,Minotaur Books,Mass Market Paperback,288,2002,1934,2024/11/08,2024/04/30,,,read,,,,1,0
18910443,The Voyager's Handbook: The Essential Guide to Blue Water Cruising,Beth A. Leonard,"Leonard, Beth A.",,"=""0071784489""","=""9780071784481""",5,4.43,International Marine/Ragged Mountain Press,Kindle Edition,1350,2006,1998,,2017/02/11,,,read,,,,2,0
48484,"Blindsight (Firefall, #1)",Peter Watts,"Watts, Peter",,"=""0765312182""","=""9780765312181""",0,4.00,Tor Books,Hardcover,384,2006,2006,,2020/11/10,to-read,to-read (#155),to-read,,,,0,0
33356,Jennifer Government,Max Barry,"Barry, Max",,"=""0349117624""","=""9780349117621""",0,3.68,Abacus ,Paperback,335,2004,2002,,2024/04/30,to-read,to-read (#182),to-read,,,,0,0
41315,Syrup,Max Barry,"Barry, Max",,"=""0140291873""","=""9780140291872""",0,3.88,New York : Penguin Books,Paperback,304,2000,1999,,2024/04/30,to-read,to-read (#181),to-read,,,,0,0
57933306,Stolen Focus: Why You Can't Pay Attention— and How to Think Deeply Again,Johann Hari,"Hari, Johann",,"=""0593138511""","=""9780593138519""",3,4.22,Crown,Hardcover,357,2022,2022,,2024/03/19,did-not-finish,did-not-finish (#12),read,,,,1,0
28187,"The Lightning Thief (Percy Jackson and the Olympians, #1)",Rick Riordan,"Riordan, Rick",,"=""0786838655""","=""9780786838653""",0,4.31,Disney Hyperion Books,Paperback,377,2006,2005,,2024/01/02,to-read,to-read (#180),to-read,,,,0,0
7069,The World According to Garp,John Irving,"Irving, John",,"=""0345915593""","=""9780345915597""",0,4.11,Ballantine Books,Hardcover,610,1999,1978,,2023/12/20,to-read,to-read (#179),to-read,,,,0,0
329783,The Complete Rigger's Apprentice: Tools and Techniques for Modern and Traditional Rigging,Brion Toss,"Toss, Brion",,"=""0070648409""","=""9780070648401""",0,4.34,International Marine/Ragged Mountain Press,Hardcover,416,1997,1997,,2023/11/22,to-read,to-read (#178),to-read,,,,0,0
226004,"A Deepness in the Sky (Zones of Thought, #2)",Vernor Vinge,"Vinge, Vernor",,"=""0812536355""","=""9780812536355""",3,4.32,Tor Science Fiction,Mass Market Paperback,775,2000,1999,2017/06/23,2017/02/11,,,read,,,,2,0
335397,Two Years Before the Mast: A Sailor's Life at Sea,Richard Henry Dana Jr.,"Jr., Richard Henry Dana",,"=""1402179626""","=""9781402179624""",5,4.03,Adamant Media Corporation,Paperback,292,2001,1840,,2023/04/27,,,read,,,,1,0
58437521,The Candy House,Jennifer Egan,"Egan, Jennifer",,"=""1476716765""","=""9781476716763""",0,3.64,Scribner,Hardcover,352,2022,2022,2023/08/28,2023/08/28,did-not-finish,did-not-finish (#11),read,,,,1,0
22733729,"The Long Way to a Small, Angry Planet (Wayfarers, #1)",Becky Chambers,"Chambers, Becky",,"=""1500453307""","=""9781500453305""",0,4.17,CreateSpace Independent Publishing Platform ,Paperback,518,2014,2014,2023/08/28,2020/11/10,did-not-finish,did-not-finish (#10),read,,,,1,0
55710260,This Is How You Lose the Time War,Amal El-Mohtar,"El-Mohtar, Amal",Max Gladstone,"=""""","=""""",0,3.84,Gallery / Saga Press,Kindle Edition,223,2019,2019,,2023/05/15,to-read,to-read (#177),to-read,,,,0,0
53597791,"Master and Commander (Aubrey & Maturin, #1)",Patrick O'Brian,"O'Brian, Patrick",,"=""0393541584""","=""9780393541588""",0,4.07,W. W. Norton & Company,Paperback,384,2021,1969,,2023/02/20,to-read,to-read (#176),to-read,,,,0,0
84748,Mr. Midshipman Hornblower,C.S. Forester,"Forester, C.S.",,"=""""","=""""",0,4.18,Little Brown and Company,Hardcover,310,1998,1950,,2023/02/20,to-read,to-read (#175),to-read,,,,0,0
13187824,Abundance: The Future Is Better Than You Think (Exponential Technology Series),Peter H. Diamandis,"Diamandis, Peter H.",Steven Kotler,"=""1451614217""","=""9781451614213""",0,4.05,Free Press,Hardcover,400,2012,2012,,2023/02/10,to-read,to-read (#174),to-read,,,,0,0
54785515,Four Thousand Weeks: Time Management for Mortals,Oliver Burkeman,"Burkeman, Oliver",,"=""0374159122""","=""9780374159122""",4,4.17,"Farrar, Straus and Giroux",Hardcover,245,2021,2021,,2022/12/04,,,read,,,,1,0
15790837,"Let's Explore Diabetes with Owls: Essays, Etc.",David Sedaris,"Sedaris, David",,"=""0316154695""","=""9780316154697""",3,3.85,"Little, Brown and Company",Hardcover,275,2013,2013,,2017/02/11,,,read,,,,1,0
31817749,"The Stone Sky (The Broken Earth, #3)",N.K. Jemisin,"Jemisin, N.K.",,"=""""","=""""",4,4.33,Orbit,Paperback,416,2017,2017,,2022/12/01,,,read,,,,1,0
26228034,"The Obelisk Gate (The Broken Earth, #2)",N.K. Jemisin,"Jemisin, N.K.",,"=""""","=""""",4,4.29,Orbit,Paperback,410,2016,2016,,2022/12/01,,,read,,,,1,0
19161852,The Fifth Season (The Broken Earth #1),N.K. Jemisin,"Jemisin, N.K.",,"=""""","=""""",4,4.29,Orbit,Paperback,468,2015,2015,,2020/11/10,,,read,,,,1,0
6617037,"Debt: The First 5,000 Years",David Graeber,"Graeber, David",,"=""1933633867""","=""9781933633862""",4,4.21,Melville House,Hardcover,534,2011,2011,,2021/06/02,,,read,,,,1,0
6444492,A Paradise Built in Hell: The Extraordinary Communities That Arise in Disaster,Rebecca Solnit,"Solnit, Rebecca",,"=""0670021075""","=""9780670021079""",0,3.95,Viking Adult,Hardcover,353,2009,2009,,2022/12/01,to-read,to-read (#173),to-read,,,,0,0
40604388,Walkaway,Cory Doctorow,"Doctorow, Cory",,"=""""","=""""",4,3.76,Tor Books,Kindle Edition,384,2017,2017,,2022/11/01,,,read,,,,1,0
56772060,Grimmish,Michael Winkler,"Winkler, Michael",,"=""0645049603""","=""9780645049602""",0,3.84,,Paperback,207,2021,,,2022/10/11,to-read,to-read (#172),to-read,,,,0,0
35820656,"Only Human (Themis Files, #3)",Sylvain Neuvel,"Neuvel, Sylvain",,"=""0399180117""","=""9780399180118""",0,3.63,Del Rey Books,Hardcover,336,2018,2018,,2022/09/08,,,read,,,,1,0
30134847,"Waking Gods (Themis Files, #2)",Sylvain Neuvel,"Neuvel, Sylvain",,"=""1101886722""","=""9781101886724""",0,4.00, Del Rey,Hardcover,336,2017,2017,,2022/09/08,,,read,,,,1,0
25733990,"Sleeping Giants (Themis Files, #1)",Sylvain Neuvel,"Neuvel, Sylvain",,"=""1101886692""","=""9781101886694""",0,3.82,Del Rey,Hardcover,320,2016,2016,,2017/02/11,,,read,,,,1,0
58082195,Raising Critical Thinkers: A Parent's Guide to Growing Wise Kids in the Digital Age,Julie Bogart,"Bogart, Julie",Barbara Oakley,"=""0593192281""","=""9780593192283""",0,4.00,Tarcher,Hardcover,352,2022,2022,,2022/09/08,to-read,to-read (#171),to-read,,,,0,0
53054943,The Jakarta Method: Washington's Anticommunist Crusade and the Mass Murder Program that Shaped Our World,Vincent Bevins,"Bevins, Vincent",,"=""1541742400""","=""9781541742406""",0,4.61,PublicAffairs,Hardcover,320,2020,2020,,2022/09/03,to-read,to-read (#170),to-read,,,,0,0
60643059,The Network State: How To Start a New Country,Balaji S. Srinivasan,"Srinivasan, Balaji S.",,"=""""","=""""",0,3.92,Amazon Kindle,Kindle Edition,262,2022,,,2022/07/19,to-read,to-read (#169),to-read,,,,0,0
82256,The Sovereign Individual: Mastering the Transition to the Information Age,James Dale Davidson,"Davidson, James Dale",William Rees-Mogg,"=""0684832720""","=""9780684832722""",0,4.18,Touchstone,Paperback,448,1999,1997,,2022/02/22,to-read,to-read (#168),to-read,,,,0,0
223380,Stories of Your Life and Others,Ted Chiang,"Chiang, Ted",,"=""0330426648""","=""9780330426640""",0,4.25,Small Beer Press,ebook,281,2010,2002,,2021/05/17,to-read,to-read (#167),to-read,,,,0,0
6665847,"Daemon (Daemon, #1)",Leinad Zeraus,"Zeraus, Leinad",Daniel Suarez,"=""0451228731""","=""9780451228734""",5,4.16,Signet Books,Mass Market Paperback,632,2009,2006,,2017/02/11,,,read,,,,3,0
4722934,The Life You Can Save: Acting Now to End World Poverty,Peter Singer,"Singer, Peter",,"=""1400067103""","=""9781400067107""",3,4.15,Random House (NY),Hardcover,224,2009,2009,2021/03/13,2020/11/10,,,read,,,,1,0
40550761,Legend of the Star Runner (Timmi Tobbson),J.I. Wagner,"Wagner, J.I.","Cindy Foehlich, Tracy Phua","=""3963267712""","=""9783963267710""",0,4.28,freshabooks,Kindle Edition,186,2018,,,2021/02/08,to-read,to-read (#166),to-read,,,,0,0
41044096,Island of the Blue Dolphins,Scott O'Dell,"O'Dell, Scott",,"=""0547488890""","=""9780547488899""",0,3.88,HMH Books for Young Readers,Kindle Edition,194,2010,1960,,2021/02/08,to-read,to-read (#165),to-read,,,,0,0
30152,In God We Trust: All Others Pay Cash,Jean Shepherd,"Shepherd, Jean",,"=""0385021747""","=""9780385021746""",0,3.87,Broadway Books,Paperback,264,1991,1966,,2021/01/01,to-read,to-read (#164),to-read,,,,0,0
55152480,Hope Runners of Gridlock,Simon de la Rouviere,"Rouviere, Simon de la",,"=""""","=""""",0,4.00,,ebook,,2020,,,2020/11/13,to-read,to-read (#163),to-read,,,,0,0
33080122,"The Calculating Stars (Lady Astronaut Universe, #1)",Mary Robinette Kowal,"Kowal, Mary Robinette",,"=""""","=""""",0,3.95,Tor Books,Paperback,431,2018,2018,,2020/11/10,to-read,to-read (#162),to-read,,,,0,0
18753656,Lagoon,Nnedi Okorafor,"Okorafor, Nnedi",,"=""1444762753""","=""9781444762754""",0,3.63,Hodder & Stoughton,Paperback,306,2014,2014,,2020/11/10,to-read,to-read (#161),to-read,,,,0,0
20170404,Station Eleven,Emily St. John Mandel,"Mandel, Emily St. John",,"=""0385353308""","=""9780385353304""",0,4.07,Knopf,Hardcover,333,2014,2014,,2020/11/10,to-read,to-read (#160),to-read,,,,0,0
17333324,"Ancillary Justice (Imperial Radch, #1)",Ann Leckie,"Leckie, Ann",,"=""""","=""""",0,3.99,Orbit,Paperback,386,2013,2013,,2020/11/10,to-read,to-read (#159),to-read,,,,0,0
8855321,"Leviathan Wakes (The Expanse, #1)",James S.A. Corey,"Corey, James S.A.",,"=""1841499889""","=""9781841499888""",0,4.31,Orbit,Paperback,561,2011,2011,,2020/11/10,to-read,to-read (#158),to-read,,,,0,0
17605440,"First Light (The Red, #1)",Linda Nagata,"Nagata, Linda",,"=""1937197131""","=""9781937197131""",0,3.77,Mythic Island Press ,Paperback,354,2013,2013,,2020/11/10,to-read,to-read (#157),to-read,,,,0,0
6597651,The Windup Girl,Paolo Bacigalupi,"Bacigalupi, Paolo",,"=""1597801577""","=""9781597801577""",0,3.75,Night Shade Books,Hardcover,359,2009,2009,,2020/11/10,to-read,to-read (#156),to-read,,,,0,0
2767052,"The Hunger Games (The Hunger Games, #1)",Suzanne Collins,"Collins, Suzanne",,"=""0439023483""","=""9780439023481""",0,4.35,Scholastic Press,Hardcover,374,2008,2008,,2020/11/10,,,read,,,,1,0
722414,Computer Lib/Dream Machines,Ted Nelson,"Nelson, Ted",,"=""0914845497""","=""9780914845492""",0,4.43,Tempus Books of Microsoft Press,Paperback,330,1987,1974,,2020/09/07,to-read,to-read (#154),to-read,,,,0,0
16071764,"Lean In: Women, Work, and the Will to Lead",Sheryl Sandberg,"Sandberg, Sheryl",,"=""0385349947""","=""9780385349949""",0,3.95,Knopf,Hardcover,217,2013,,,2020/09/04,to-read,to-read (#153),to-read,,,,0,0
45731395,The Deficit Myth: Modern Monetary Theory and the Birth of the People's Economy,Stephanie Kelton,"Kelton, Stephanie",,"=""1541736184""","=""9781541736184""",0,4.03,PublicAffairs,Hardcover,327,2020,2020,,2020/09/04,to-read,to-read (#152),to-read,,,,0,0
28256439,"The Hidden Life of Trees: What They Feel, How They Communicate: Discoveries from a Secret World",Peter Wohlleben,"Wohlleben, Peter","Tim Flannery, Jane Billinghurst, Suzanne Simard","=""1771642483""","=""9781771642484""",0,4.07,Greystone Books,Hardcover,272,2016,2015,,2020/06/28,to-read,to-read (#151),to-read,,,,0,0
100085,"At the Mountains of Madness and Other Novels of Terror  (The H.P. Lovecraft Omnibus, #1)",H.P. Lovecraft,"Lovecraft, H.P.","August Derleth, E. Hoffman Price","=""0586063226""","=""9780586063224""",0,4.16,Granada Publishing Limited,Mass Market Paperback,552,1985,1964,,2017/02/11,to-read,to-read (#36),to-read,,,,0,0
28220854,"Futuristic Violence and Fancy Suits (Zoey Ashe, #1)",David  Wong,"Wong, David",Jason Pargin,"=""1250097754""","=""9781250097750""",0,3.98,St. Martin's Griffin,Paperback,384,2016,2015,,2020/05/12,to-read,to-read (#150),to-read,,,,0,0
18077875,Essentialism: The Disciplined Pursuit of Less,Greg McKeown,"McKeown, Greg",,"=""0804137382""","=""9780804137386""",0,4.06,Crown Currency,Hardcover,260,2014,2011,,2020/04/18,to-read,to-read (#149),to-read,,,,0,0
11468377,"Thinking, Fast and Slow",Daniel Kahneman,"Kahneman, Daniel",,"=""0374275637""","=""9780374275631""",0,4.17,"Farrar, Straus and Giroux",Hardcover,499,2011,2011,,2020/04/18,to-read,to-read (#148),to-read,,,,0,0
43848929,Talking to Strangers: What We Should Know About the People We Don't Know,Malcolm Gladwell,"Gladwell, Malcolm",,"=""0316478520""","=""9780316478526""",0,4.00,"Little, Brown and Company",Hardcover,388,2019,2019,,2020/03/15,to-read,to-read (#147),to-read,,,,0,0
302702,Mirrorshades: The Cyberpunk Anthology,Bruce Sterling,"Sterling, Bruce","William Gibson, Paul Di Filippo, Lewis Shiner, Tom Maddox, Pat Cadigan, Rudy Rucker, Marc Laidlaw, James Patrick Kelly, Greg Bear, John Shirley","=""""","=""""",0,3.94,Ace,Paperback,239,1988,1986,,2020/02/15,to-read,to-read (#146),to-read,,,,0,0
43352954,This Is How You Lose the Time War,Amal El-Mohtar,"El-Mohtar, Amal",Max Gladstone,"=""""","=""""",0,3.84,Saga Press,ebook,209,2019,2019,,2019/08/24,to-read,to-read (#142),to-read,,,,0,0
36510196,"Old Man's War (Old Man's War, #1)",John Scalzi,"Scalzi, John",,"=""""","=""""",0,4.23,Tor Books,Kindle Edition,318,2007,2005,,2019/12/12,to-read,to-read (#145),to-read,,,,0,0
37654736,Stuff and Nonsense (Threadbare #1),Andrew Seiple,"Seiple, Andrew",,"=""""","=""""",0,4.30,,Kindle Edition,240,2017,2017,,2019/12/12,to-read,to-read (#144),to-read,,,,0,0
43852758,How To: Absurd Scientific Advice for Common Real-World Problems,Randall Munroe,"Munroe, Randall",,"=""0525537090""","=""9780525537090""",0,4.17,Riverhead Books,Hardcover,308,2019,2019,,2019/08/27,to-read,to-read (#143),to-read,,,,0,0
103860,Mage: The Ascension,Stewart Wieck,"Wieck, Stewart",Chris Earley,"=""1565040651""","=""9781565040656""",0,3.95,White Wolf Pub,Paperback,310,1993,1993,,2017/02/13,forgot,forgot (#118),read,,,,1,0
26123,Learned Optimism: How to Change Your Mind and Your Life,Martin E.P. Seligman,"Seligman, Martin E.P.",,"=""1400078393""","=""9781400078394""",0,3.96,Vintage,Paperback,319,2006,1990,2019/03/22,2017/11/01,did-not-finish,did-not-finish (#9),read,,,,1,0
77507,"Red Mars (Mars Trilogy, #1)",Kim Stanley Robinson,"Robinson, Kim Stanley",,"=""0553560735""","=""9780553560732""",0,3.86,Spectra Books,Mass Market Paperback,572,1993,1992,2019/03/22,2017/04/05,did-not-finish,did-not-finish (#8),read,,,,1,0
40876575,Utopia for Realists: How We Can Build the Ideal World,Rutger Bregman,"Bregman, Rutger",,"=""0316471909""","=""9780316471909""",0,4.21,"Little, Brown and Company",Kindle Edition,262,2017,2014,,2019/03/22,to-read,to-read (#141),to-read,,,,0,0
43190546,"Whose Future Is It?: Cellarius Stories, Volume I",Steven Barnes,"Barnes, Steven","Cellarius, Alex de Campi, Tananarive Due, Brian Evenson, Porpentine Charity Heartscape, Richard   Larson, Sarah Pinsker, Shweta Taneja, David Wellington, Rich  Larson","=""194968802X""","=""9781949688023""",5,4.43,Genesis Thought Inc,Kindle Edition,330,2018,2018,,2019/01/18,,,read,,,,1,0
6452798,"Command and Control: Nuclear Weapons, the Damascus Accident, and the Illusion of Safety",Eric Schlosser,"Schlosser, Eric",,"=""1594202273""","=""9781594202278""",0,4.27,Penguin Books,Hardcover,656,2013,2013,,2019/01/18,to-read,to-read (#140),to-read,,,,0,0
2506433,The Day Before the Revolution,Ursula K. Le Guin,"Guin, Ursula K. Le",,"=""""","=""""",0,3.95,Zabalaza Books,ebook,20,2007,1974,,2019/01/05,to-read,to-read (#139),to-read,,,,0,0
276767,The Word for World Is Forest,Ursula K. Le Guin,"Guin, Ursula K. Le",,"=""""","=""""",0,4.07,,ebook,160,1989,1972,,2019/01/05,to-read,to-read (#138),to-read,,,,0,0
27262231,Winter's King,Ursula K. Le Guin,"Guin, Ursula K. Le",,"=""""","=""""",0,3.84,Harper Perennial,ebook,32,2017,2017,,2019/01/05,to-read,to-read (#137),to-read,,,,0,0
201889,City of Illusions,Ursula K. Le Guin,"Guin, Ursula K. Le",,"=""""","=""""",0,3.95,Ace Books,Mass Market Paperback,160,1967,1967,,2019/01/05,to-read,to-read (#136),to-read,,,,0,0
92610,Rocannon’s World,Ursula K. Le Guin,"Guin, Ursula K. Le",,"=""0441732968""","=""9780441732968""",0,3.78,Ace,Mass Market Paperback,258,1966,1966,,2019/01/05,to-read,to-read (#134),to-read,,,,0,0
201882,Planet of Exile,Ursula K. Le Guin,"Guin, Ursula K. Le",,"=""0441669514""","=""9780441669516""",0,3.72,Ace Books,Paperback,126,1971,1966,,2019/01/05,to-read,to-read (#135),to-read,,,,0,0
13651,The Dispossessed: An Ambiguous Utopia,Ursula K. Le Guin,"Guin, Ursula K. Le",,"=""""","=""""",0,4.26,Harper Voyager,Paperback,387,1994,1974,,2019/01/05,to-read,to-read (#133),to-read,,,,0,0
29605509,Against Elections: The Case for Democracy,David Van Reybrouck,"Reybrouck, David Van",Liz Waters,"=""1847924220""","=""9781847924223""",0,4.20,Random House UK,Paperback,208,2016,2013,,2019/01/04,to-read,to-read (#132),to-read,,,,0,0
1717806,A is for Salad,Mike Lester,"Lester, Mike",,"=""0399233881""","=""9780399233883""",5,4.03,Grosset & Dunlap,Hardcover,40,2000,2000,,2018/12/21,,,read,,,,1,0
6424171,"Jurassic Park (Jurassic Park, #1)",Michael Crichton,"Crichton, Michael",,"=""0345370775""","=""9780345370778""",0,4.13,Ballantine Books,Mass Market Paperback,416,1991,1990,,2017/02/12,forgot,forgot (#29),read,,,,1,0
41793309,"McSweeney's Issue 54: The End of Trust (McSweeney’s Quarterly Concern, #54)",Dave Eggers,"Eggers, Dave",,"=""1944211608""","=""9781944211608""",0,3.93,McSweeney's Publishing,Hardcover,343,2018,,,2018/11/26,to-read,to-read (#131),to-read,,,,0,0
28220961,Sad Animal Facts,Brooke Barker,"Barker, Brooke",,"=""1250095085""","=""9781250095084""",0,4.18,Flatiron Books,Hardcover,213,2016,2016,,2018/11/25,to-read,to-read (#130),to-read,,,,0,0
17349203,"Fortunately, the Milk",Neil Gaiman,"Gaiman, Neil",Skottie Young,"=""0062224077""","=""9780062224071""",0,4.05,HarperCollins,Hardcover,128,2013,2013,,2018/11/25,to-read,to-read (#129),to-read,,,,0,0
9700137,"Hildafolk (Hilda, #1)",Luke Pearson,"Pearson, Luke",,"=""1907704043""","=""9781907704048""",0,4.25,Nobrow Press,Paperback,24,2010,2010,,2018/11/25,to-read,to-read (#128),to-read,,,,0,0
28691896,"Dog Man (Dog Man, #1)",Dav Pilkey,"Pilkey, Dav",,"=""0545581605""","=""9780545581608""",0,4.11,Graphix,Hardcover,231,2016,,,2018/11/25,to-read,to-read (#127),to-read,,,,0,0
18630,"The Player of Games (Culture, #2)",Iain M. Banks,"Banks, Iain M.",,"=""0061053562""","=""9780061053566""",3,4.28,HarperCollins,Paperback,293,1997,1988,,2018/11/24,,,read,,,,1,0
34728667,"Children of Blood and Bone (Legacy of Orïsha, #1)",Tomi Adeyemi,"Adeyemi, Tomi",,"=""1250170974""","=""9781250170972""",0,4.11,Henry Holt Company,Hardcover,544,2018,2018,,2018/11/24,to-read,to-read (#126),to-read,,,,0,0
36515770,Radical Markets: Uprooting Capitalism and Democracy for a Just Society,Eric A. Posner,"Posner, Eric A.",E. Glen Weyl,"=""0691177503""","=""9780691177502""",0,3.95,Princeton University Press,Hardcover,368,2018,2018,,2018/08/30,to-read,to-read (#125),to-read,,,,0,0
38447,"The Handmaid’s Tale (The Handmaid's Tale, #1)",Margaret Atwood,"Atwood, Margaret",,"=""038549081X""","=""9780385490818""",3,4.15,Anchor Books,Paperback,311,1998,1985,,2017/05/02,,,read,,,,1,0
28963662,How This Book Was Made,Mac Barnett,"Barnett, Mac",Adam Rex,"=""1423152204""","=""9781423152200""",4,4.04,"Little, Brown Books for Young Readers",Hardcover,44,2016,2016,,2018/04/15,,,read,,,,2,0
24960945,Sonya's Chickens,Phoebe Wahl,"Wahl, Phoebe",,"=""1770497897""","=""9781770497894""",0,4.20,Tundra Books,Hardcover,32,2015,2015,,2018/04/14,to-read,to-read (#124),to-read,,,,0,0
108713,Pimp: The Story of My Life,Iceberg Slim,"Slim, Iceberg",Sapphire,"=""0862415934""","=""9780862415938""",0,4.00,Payback Pr,Paperback,311,2002,1967,,2018/04/10,to-read,to-read (#123),to-read,,,,0,0
29526076,Gator Goes by Bike,Keenan Hopson,"Hopson, Keenan",,"=""1364280213""","=""9781364320638""",0,4.14,Blurb,Paperback,32,2016,,,2018/04/05,to-read,to-read (#122),to-read,,,,0,0
30677,The Ghost in the Machine,Arthur Koestler,"Koestler, Arthur",,"=""0140191925""","=""9780140191929""",0,4.02,Arkana,Paperback,400,1990,1967,,2018/03/20,to-read,to-read (#121),to-read,,,,0,0
35880340,Change Agent,Daniel Suarez,"Suarez, Daniel",,"=""1101984678""","=""9781101984673""",0,3.98,Penguin Publishing Group,Paperback,416,2018,2017,,2018/03/11,to-read,to-read (#120),to-read,,,,0,0
6636491,Magic Gardens: The Memoirs of Viva Las Vegas,Viva Las Vegas,"Vegas, Viva Las",,"=""098014194X""","=""9780980141948""",0,3.80,Dame Rocket Press,Paperback,208,2009,2009,,2018/02/15,to-read,to-read (#119),to-read,,,,0,0
8935689,"Consider Phlebas (Culture, #1)",Iain M. Banks,"Banks, Iain M.",,"=""1857231384""","=""9781857231380""",2,3.85,Orbit,Paperback,467,1988,1987,2018/02/11,2017/05/10,,,read,,,,1,0
686344,"Coyote (Coyote Trilogy, #1)",Allen M. Steele,"Steele, Allen M.",,"=""0441011160""","=""9780441011162""",0,3.85,Ace,Mass Market Paperback,436,2003,2002,,2018/02/11,to-read,to-read (#118),to-read,,,,0,0
1215032,"The Wise Man's Fear (The Kingkiller Chronicle, #2)",Patrick Rothfuss,"Rothfuss, Patrick",,"=""0756404738""","=""9780756404734""",3,4.55,DAW Books,Hardcover,994,2011,2011,2017/11/01,2017/03/21,,,read,,,,1,0
816,Cryptonomicon,Neal Stephenson,"Stephenson, Neal",,"=""""","=""""",3,4.23,Avon,Mass Market Paperback,1152,2002,1999,2017/10/19,2017/02/11,,,read,,,,1,0
27414464,Leave Me Alone!,Vera Brosgol,"Brosgol, Vera",,"=""1626724415""","=""9781626724419""",5,4.22,Roaring Brook Press,Hardcover,40,2016,2016,,2017/10/01,,,read,,,,1,0
31305539,Stack the Cats,Susie Ghahremani,"Ghahremani, Susie",,"=""1419723499""","=""9781419723490""",0,3.94,Abrams Appleseed,Hardcover,32,2017,2017,,2017/09/09,to-read,to-read (#117),to-read,,,,0,0
18170143,An Astronaut's Guide to Life on Earth,Chris Hadfield,"Hadfield, Chris",,"=""0316253014""","=""9780316253017""",0,4.17,"Little, Brown and Company",Hardcover,295,2013,2013,,2017/08/22,to-read,to-read (#116),to-read,,,,0,0
6845839,"Chi's Sweet Home, Volume 1",Kanata Konami,"Konami, Kanata",Ed Chavez,"=""1934287814""","=""9781934287811""",0,4.22,Vertical,Paperback,164,2010,2004,,2017/08/02,to-read,to-read (#115),to-read,,,,0,0
8879121,"Zita the Spacegirl (Zita the Spacegirl, #1)",Ben Hatke,"Hatke, Ben",,"=""1596434465""","=""9781596434462""",0,4.09,First Second,Paperback,186,2011,2011,,2017/08/02,to-read,to-read (#114),to-read,,,,0,0
20527133,"Superintelligence: Paths, Dangers, Strategies",Nick Bostrom,"Bostrom, Nick",,"=""0199678111""","=""9780199678112""",0,3.85,Oxford University Press,Hardcover,352,2014,2014,,2017/07/22,to-read,to-read (#113),to-read,,,,0,0
20518872,"The Three-Body Problem (Remembrance of Earth’s Past, #1)",Liu Cixin,"Cixin, Liu",Ken Liu,"=""""","=""""",0,4.08,Tor Books,Hardcover,472,2014,2006,,2017/07/09,to-read,to-read (#112),to-read,,,,0,0
11233988,I Want My Hat Back,Jon Klassen,"Klassen, Jon",,"=""0763655988""","=""9780763655983""",0,4.35,Candlewick Press,Hardcover,40,2011,2011,,2017/07/04,to-read,to-read (#111),to-read,,,,0,0
13531024,This Is Not My Hat,Jon Klassen,"Klassen, Jon",,"=""0763655996""","=""9780763655990""",4,4.22,Candlewick Press,Hardcover,40,2012,2012,,2017/07/04,,,read,,,,1,0
28473874,We Found a Hat,Jon Klassen,"Klassen, Jon",,"=""""","=""""",4,4.29,Candlewick,Hardcover,56,2016,2016,,2017/07/04,,,read,,,,1,0
29488335,"Remanence (Confluence, #2)",Jennifer Foehner Wells,"Wells, Jennifer Foehner",,"=""""","=""""",4,4.06,Blue Bedlam Science Fiction,Kindle Edition,452,2016,2016,2017/06/08,2017/05/04,,,read,,,,1,0
28507895,"Ada Twist, Scientist: A Picture Book (The Questioneers)",Andrea Beaty,"Beaty, Andrea",David Roberts,"=""1419721372""","=""9781419721373""",5,4.47,Abrams Books for Young Readers,Hardcover,32,2016,2016,,2017/02/15,,,read,,,,1,0
1969280,"Iggy Peck, Architect: A Picture Book (The Questioneers)",Andrea Beaty,"Beaty, Andrea",David Roberts,"=""081091106X""","=""9780810911062""",5,4.42,Abrams Books for Young Readers,Hardcover,32,2007,2007,,2017/02/15,,,read,,,,1,0
22566044,"Fluency (Confluence, #1)",Jennifer Foehner Wells,"Wells, Jennifer Foehner",,"=""0990479803""","=""9780990479802""",4,3.83,Blue Bedlam,Kindle Edition,250,2014,2014,2017/05/04,2017/04/18,,,read,,,,1,0
17349,The Demon-Haunted World: Science as a Candle in the Dark,Carl Sagan,"Sagan, Carl",Ann Druyan,"=""0345409469""","=""9780345409461""",0,4.29,Ballantine Books,Paperback,459,1997,1995,,2017/04/28,to-read,to-read (#110),to-read,,,,0,0
2112128,GURPS Martial Arts: Exotic Combat Systems from All Cultures,C.J. Carella,"Carella, C.J.",,"=""1556341911""","=""9781556341915""",0,3.53,Steve Jackson Games,Paperback,0,1990,1991,,2017/02/13,forgot,forgot (#112),read,,,,1,0
18908446,How to Live Forever,Johnny B. Truant,"Truant, Johnny B.",,"=""""","=""""",0,4.01,,Kindle Edition,11,2014,2012,,2017/04/12,to-read,to-read (#109),to-read,,,,0,0
13297958,Disobey,Johnny B. Truant,"Truant, Johnny B.",,"=""""","=""""",0,3.98,,Kindle Edition,13,2011,2011,,2017/04/12,to-read,to-read (#108),to-read,,,,0,0
18901427,"You Are Dying, and Your World Is a Lie",Johnny B. Truant,"Truant, Johnny B.",,"=""""","=""""",0,3.86,Amazon Digital Services,Kindle Edition,9,2014,2012,,2017/04/12,to-read,to-read (#107),to-read,,,,0,0
13628888,The Universe Doesn't Give a Flying Fuck About You,Johnny B. Truant,"Truant, Johnny B.",,"=""""","=""""",0,3.77,Sterling & Stone,Kindle Edition,13,2014,2012,,2017/04/12,to-read,to-read (#106),to-read,,,,0,0
4069,Man's Search for Meaning,Viktor E. Frankl,"Frankl, Viktor E.","Harold S. Kushner, William J. Winslade, Isle Lasch","=""080701429X""","=""9780807014295""",3,4.37,Beacon Press,Paperback,165,2006,1946,2017/04/11,2017/02/11,,,read,,,,1,0
24970,Either/Or: A Fragment of Life,Søren Kierkegaard,"Kierkegaard, Søren","Alastair Hannay, Victor Eremita","=""""","=""""",0,4.16,Penguin Classics,Paperback,633,1992,1843,,2017/04/10,to-read,to-read (#105),to-read,,,,0,0
24965,Fear and Trembling,Søren Kierkegaard,"Kierkegaard, Søren",Alastair Hannay,"=""0143037579""","=""9780143037576""",0,4.00,Penguin Books,Paperback,152,2006,1843,,2017/04/10,to-read,to-read (#104),to-read,,,,0,0
7147831,"Min kamp 1 (Min kamp, #1)",Karl Ove Knausgård,"Knausgård, Karl Ove",,"=""8252574580""","=""9788252574586""",0,4.10,Forlaget Oktober,Hardcover,435,2009,2009,,2017/04/05,to-read,to-read (#103),to-read,,,,0,0
287219,Philippe Halsman's Jump Book,Philippe Halsman,"Halsman, Philippe",Mike Wallace,"=""0810923386""","=""9780810923386""",4,4.51,Harry N. Abrams,Paperback,96,1986,1986,,2017/02/15,,,read,,,,1,0
25943103,Super Happy Magic Forest,Matty Long,"Long, Matty",,"=""0545860598""","=""9780545860598""",5,4.11,Scholastic Press,Hardcover,32,2016,2015,,2017/02/15,,,read,,,,1,0
23341839,Rude Cakes,Rowboat Watkins,"Watkins, Rowboat",,"=""1452138516""","=""9781452138510""",5,3.67,Chronicle Books,Hardcover,40,2015,2015,,2017/03/11,,,read,,,,1,0
7286699,The Thing Beneath the Bed (The Adventures of the Princess and Mr. Whiffle #1),Patrick Rothfuss,"Rothfuss, Patrick",Nate  Taylor,"=""1596063130""","=""9781596063136""",0,4.28,Subterranean,Hardcover,68,2010,2010,,2017/03/21,to-read,to-read (#102),to-read,,,,0,0
21032488,"The Doors of Stone (The Kingkiller Chronicle, #3)",Patrick Rothfuss,"Rothfuss, Patrick",,"=""0575081449""","=""9780575081444""",0,3.53,Gollancz,Hardcover,896,,,,2017/03/21,to-read,to-read (#101),to-read,,,,0,0
21535271,"The Slow Regard of Silent Things (The Kingkiller Chronicle, #2.5)",Patrick Rothfuss,"Rothfuss, Patrick",Nate Taylor,"=""0756410436""","=""9780756410438""",0,3.86,DAW Books,Hardcover,159,2014,2014,,2017/03/21,to-read,to-read (#100),to-read,,,,0,0
186074,"The Name of the Wind (The Kingkiller Chronicle, #1)",Patrick Rothfuss,"Rothfuss, Patrick",,"=""075640407X""","=""9780756404079""",5,4.52,Penguin Group DAW,Hardcover,662,2007,2007,,2017/02/13,,,read,,,,1,0
2545,The Treasured Writings of Kahlil Gibran,Kahlil Gibran,"Gibran, Kahlil",,"=""089009389X""","=""9780890093894""",0,4.44,Castle Books,Hardcover,902,2009,1947,2017/03/21,2017/02/11,did-not-finish,did-not-finish (#7),read,,,,1,0
34490192,Soonish: Ten Emerging Technologies That'll Improve and/or Ruin Everything,Kelly Weinersmith,"Weinersmith, Kelly",Zach Weinersmith,"=""0399563822""","=""9780399563829""",0,3.94,Penguin Press,Hardcover,368,2017,2017,,2017/03/13,to-read,to-read (#99),to-read,,,,0,0
2213661,The Graveyard Book,Neil Gaiman,"Gaiman, Neil",Dave McKean,"=""0060530928""","=""9780060530921""",0,4.15,HarperCollins,Hardcover,312,2008,2008,,2017/03/02,to-read,to-read (#98),to-read,,,,0,0
6693,Fantastic Mr. Fox,Roald Dahl,"Dahl, Roald",Quentin Blake,"=""0375822070""","=""9780375822070""",2,4.08,Knopf Books for Young Readers,Hardcover,96,2002,1970,,2017/03/01,,,read,,,,1,0
564258,How To Raise An Amazing Child the Montessori Way,Tim Seldin,"Seldin, Tim",,"=""075662505X""","=""9780756625054""",0,3.98,DK,Paperback,192,2006,2006,2017/03/01,2017/02/24,did-not-finish,did-not-finish (#6),read,,,,1,0
813214,The Mist,Stephen  King,"King, Stephen",,"=""""","=""""",0,3.93,Signet,Paperback,176,2007,1980,,2017/02/28,to-read,to-read (#97),to-read,,,,0,0
13573584,Survival of the Filthiest: A Get Fuzzy Collection (Volume 17),Darby Conley,"Conley, Darby",,"=""1449421903""","=""9781449421908""",3,4.20,Andrews McMeel Publishing,Paperback,128,2012,2012,,2017/02/24,,,read,,,,1,0
31950745,Super Happy Magic Forest Slug Of Doom,Matty Long,"Long, Matty",,"=""0192742981""","=""9780192742988""",0,4.21,Oxford University Press,Paperback,32,2016,2016,,2017/02/15,to-read,to-read (#96),to-read,,,,0,0
425818,"How to Catch a Star (The Boy, #1)",Oliver Jeffers,"Jeffers, Oliver",,"=""0007228074""","=""9780007228072""",0,4.20,HarperCollinsChildren'sBooks ,Hardcover,32,2006,2004,,2017/02/15,to-read,to-read (#95),to-read,,,,0,0
28686931,A Child of Books,Oliver Jeffers,"Jeffers, Oliver",Sam Winston,"=""0763690775""","=""9780763690779""",0,4.13,Candlewick Press,Hardcover,40,2016,2016,,2017/02/15,to-read,to-read (#94),to-read,,,,0,0
245276,In the American West,Richard Avedon,"Avedon, Richard",Richard Avedon,"=""0810911051""","=""9780810911055""",5,4.43,Harry N Abrams,Hardcover,172,1985,1993,,2017/02/15,,,read,,,,2,0
3187541,The Maltese Falcon,Dashiell Hammett,"Hammett, Dashiell",,"=""0955636906""","=""9780955636905""",0,0.0,TRP Magazines Ltd,Hardcover,,1750,,,2017/02/15,to-read,to-read (#93),to-read,,,,0,0
965774,Mine's Bigger: Tom Perkins and the Making of the Greatest Sailing Machine Ever Built,David A. Kaplan,"Kaplan, David A.",,"=""0061227943""","=""9780061227943""",2,3.89,William Morrow,Hardcover,288,2007,2007,,2017/02/15,,,read,,,,2,0
158788,"The Journey to the West, Volume 1 (Journey to the West)",Wu Cheng'en,"Cheng'en, Wu",Anthony C. Yu,"=""0226971503""","=""9780226971506""",0,4.26,University of Chicago Press,Paperback,544,1980,1592,,2017/02/15,to-read,to-read (#92),to-read,,,,0,0
16101012,The Hueys in... It Wasn't Me,Oliver Jeffers,"Jeffers, Oliver",,"=""0399257683""","=""9780399257681""",3,3.55,Philomel Books,Hardcover,32,2014,2013,,2017/02/15,,,read,,,,1,0
6328,Revolting Rhymes,Roald Dahl,"Dahl, Roald",Quentin Blake,"=""0142302260""","=""9780142302262""",0,4.15,Puffin,Paperback,32,2003,1982,,2017/02/15,to-read,to-read (#91),to-read,,,,0,0
26212082,Doctor Strange: The Oath #1 (of 5),Brian K. Vaughan,"Vaughan, Brian K.","Marcos Martín, Álvaro López","=""""","=""""",0,4.12,Marvel,Kindle Edition,24,2006,2006,,2017/02/14,to-read,to-read (#90),to-read,,,,0,0
5776788,"Sandman Slim (Sandman Slim, #1)",Richard Kadrey,"Kadrey, Richard",,"=""0061714305""","=""9780061714306""",0,3.95,Harper Voyager,Hardcover,388,2009,2009,,2017/02/14,to-read,to-read (#89),to-read,,,,0,0
47212,"Storm Front (The Dresden Files, #1)",Jim  Butcher,"Butcher, Jim",,"=""0451457811""","=""9780451457813""",3,3.97,Penguin ROC,Paperback,372,2000,2000,,2017/02/14,,,read,,,,1,0
26883558,The Ballad of Black Tom,Victor LaValle,"LaValle, Victor",,"=""0765387867""","=""9780765387868""",0,3.82,Tordotcom,Paperback,149,2016,2016,,2017/02/14,to-read,to-read (#87),to-read,,,,0,0
31357411,Toddlers Are Assholes,Bunmi Laditan,"Laditan, Bunmi",,"=""0147523567""","=""9780147523563""",0,4.13,Penguin Random House Audio Publishing Group,Audiobook,,2015,2015,,2017/02/14,to-read,to-read (#86),to-read,,,,0,0
6158627,The Complete Guide to Rocks & Minerals,John Farndon,"Farndon, John",,"=""1572152222""","=""9781572152229""",0,4.20,JG Press,Hardcover,256,2008,2006,,2017/02/11,,,read,,,,2,0
342232,Simon & Schuster's Guide to Rocks and Minerals,Simon & Schuster,"Schuster, Simon &",,"=""0671243969""","=""9780671243968""",0,4.24,Simon & Schuster,Hardcover,607,1978,1978,,2017/02/11,,,read,,,,2,0
36321,The Dream Cycle of H.P. Lovecraft: Dreams of Terror and Death,H.P. Lovecraft,"Lovecraft, H.P.",Neil Gaiman,"=""0345384210""","=""9780345384218""",0,4.23,Del Rey,Paperback,387,2003,1934,,2017/02/11,forgot,forgot (#169),read,,,,2,0
772699,Mind Fields,Harlan Ellison,"Ellison, Harlan",Jacek Yerka,"=""0962344796""","=""9780962344794""",0,4.27,MORPHEUS INTL,Paperback,71,1900,1994,,2017/02/11,forgot,forgot (#168),read,,,,2,0
8908,World War Z: An Oral History of the Zombie War,Max Brooks,"Brooks, Max",,"=""0307346609""","=""9780307346605""",0,4.02,Crown,Hardcover,342,2006,2006,,2017/02/13,forgot,forgot (#167),read,,,,1,0
23754,"The Sandman, Vol. 1: Preludes & Nocturnes",Neil Gaiman,"Gaiman, Neil","Sam Kieth, Mike Dringenberg, Malcolm Jones III, Todd Klein, Karen  Berger, Daniel Vozzo","=""1563892278""","=""9781563892271""",0,4.25,DC Comics: Vertigo,Hardcover,240,1998,1988,,2017/02/13,did-not-finish,did-not-finish (#5),read,,,,1,0
16793,Stardust,Neil Gaiman,"Gaiman, Neil",,"=""0061142026""","=""9780061142024""",0,4.10,Harper Perennial,Paperback,248,2006,1999,,2017/02/13,forgot,forgot (#166),read,,,,1,0
17061,Coraline,Neil Gaiman,"Gaiman, Neil",Dave McKean,"=""0061139378""","=""9780061139376""",0,4.13,William Morrow Paperbacks,Paperback,208,2006,2002,,2017/02/13,forgot,forgot (#165),read,,,,1,0
43545,"The Once and Future King (The Once and Future King, #1-5)",T.H. White,"White, T.H.",,"=""""","=""""",0,4.07,Ace,Mass Market Paperback,639,1987,1958,,2017/02/13,did-not-finish,did-not-finish (#4),read,,,,1,0
61975,"Dragonflight (Dragonriders of Pern, #1)",Anne McCaffrey,"McCaffrey, Anne",,"=""0345484266""","=""9780345484260""",0,4.08,Del Rey,Paperback,299,2005,1968,,2017/02/13,forgot,forgot (#164),read,,,,1,0
43615,"The Gunslinger (The Dark Tower, #1)",Stephen  King,"King, Stephen",,"=""""","=""""",0,3.91,Plume,Paperback,231,2003,1982,,2017/02/13,to-read,to-read (#85),to-read,,,,0,0
9569,Villa Incognito,Tom Robbins,"Robbins, Tom",,"=""1842431021""","=""9781842431023""",3,3.69,No Exit Press,Paperback,256,2004,2003,,2017/02/13,,,read,,,,2,0
8682,Jitterbug Perfume,Tom Robbins,"Robbins, Tom",,"=""1842430351""","=""9781842430354""",0,4.23,No Exit Press,Paperback,342,2001,1984,,2017/02/13,forgot,forgot (#163),read,,,,1,0
9566,Still Life with Woodpecker,Tom Robbins,"Robbins, Tom",,"=""184243022X""","=""9781842430224""",4,4.04,No Exit Press,Paperback,277,2001,1980,,2017/02/13,,,read,,,,1,0
4980,Breakfast of Champions,Kurt Vonnegut Jr.,"Jr., Kurt Vonnegut",,"=""0385334206""","=""9780385334204""",4,4.06,Dell Publishing,Paperback,303,1999,1973,,2017/02/13,forgot,forgot (#162),read,,,,1,0
135479,Cat’s Cradle,Kurt Vonnegut Jr.,"Jr., Kurt Vonnegut",,"=""""","=""""",5,4.15,Penguin,Paperback,306,1999,1963,,2017/02/13,,,read,,,,2,0
4981,Slaughterhouse-Five,Kurt Vonnegut Jr.,"Jr., Kurt Vonnegut",,"=""""","=""""",0,4.10,Dial Press,Paperback,275,1999,1969,,2017/02/13,forgot,forgot (#161),read,,,,1,0
472331,Watchmen,Alan             Moore,"Moore, Alan","Dave Gibbons, John    Higgins","=""0930289234""","=""9780930289232""",3,4.39,DC Comics,Paperback,416,2005,1987,,2017/02/13,,,read,,,,2,0
228665,"The Eye of the World (The Wheel of Time, #1)",Robert Jordan,"Jordan, Robert",,"=""0812511816""","=""9780812511819""",3,4.19,Tor Books,Mass Market Paperback,800,1990,1990,,2017/02/13,,,read,,,,1,0
21787,The Princess Bride,William Goldman,"Goldman, William",,"=""0345418263""","=""9780345418265""",0,4.27,Ballantine Books,Paperback,429,2003,1973,,2017/02/13,to-read,to-read (#84),to-read,,,,0,0
5129,Brave New World,Aldous Huxley,"Huxley, Aldous",,"=""0060929871""","=""9780060929879""",0,3.99,HarperPerennial / Perennial Classics,Paperback,288,1998,1932,,2017/02/13,forgot,forgot (#160),read,,,,1,0
5470,1984,George Orwell,"Orwell, George",,"=""""","=""""",0,4.20,New American Library,Mass Market Paperback,328,1950,1948,,2017/02/13,did-not-finish,did-not-finish (#3),read,,,,1,0
375802,"Ender’s Game (Ender's Saga, #1)",Orson Scott Card,"Card, Orson Scott",,"=""0812550706""","=""9780812550702""",4,4.31,Tor,Mass Market Paperback,324,2004,1985,,2017/02/13,,,read,,,,2,0
13496,"A Game of Thrones (A Song of Ice and Fire, #1)",George R.R. Martin,"Martin, George R.R.",,"=""0553588486""","=""9780553588484""",2,4.45,Bantam,Mass Market Paperback,835,2005,1996,,2017/02/13,,,read,,,,2,0
15348,Bored of the Rings: A Parody of J.R.R. Tolkien's Lord of the Rings,The Harvard Lampoon,"Lampoon, The Harvard","Henry N. Beard, Douglas C. Kenney","=""0451452615""","=""9780451452610""",3,3.16,Roc Trade,Paperback,149,1993,1969,,2017/02/13,,,read,,,,1,0
5907,"The Hobbit, or There and Back Again",J.R.R. Tolkien,"Tolkien, J.R.R.","Douglas A. Anderson, Michael Hague, Jemima Catlin","=""""","=""""",4,4.30,Houghton Mifflin,Paperback,366,2002,1937,,2017/02/13,,,read,,,,2,0
34,"The Fellowship of the Ring (The Lord of the Rings, #1)",J.R.R. Tolkien,"Tolkien, J.R.R.","Francis Ledoux, Maria Skibniewska","=""0618346252""","=""9780618346257""",2,4.41,Houghton Mifflin Harcourt,Paperback,398,2003,1954,,2017/02/13,,,read,,,,1,0
1227727,FoxTrot: A FoxTrot Collection,Bill Amend,"Amend, Bill",,"=""0836218566""","=""9780836218565""",4,4.19,Andrews McMeel Publishing,Paperback,128,1989,1989,,2017/02/13,,,read,,,,2,0
109648,The Far Side Gallery 2,Gary Larson,"Larson, Gary",Stephen  King,"=""0836220854""","=""9780836220858""",4,4.41,Andrews McMeel Publishing,Paperback,192,1986,1986,,2017/02/13,,,read,,,,2,0
77281,The Far Side Gallery,Gary Larson,"Larson, Gary",,"=""0836220625""","=""9780836220629""",4,4.44,Andrews McMeel Publishing,Paperback,192,1984,1982,,2017/02/13,,,read,,,,2,0
233691,The Far Side Gallery 3,Gary Larson,"Larson, Gary",,"=""0836218310""","=""9780836218312""",4,4.43,Andrews McMeel Publishing,Paperback,192,1988,1984,,2017/02/13,,,read,,,,2,0
1060734,The City of Greyhawk (Advanced Dungeons and Dragons: Greyhawk Adventures) Boxed Set,Douglas Niles,"Niles, Douglas","Mike Breault, Kim Mohan","=""0880387319""","=""9780880387316""",0,3.80,"TSR, Inc.",Boxed Set,192,1989,1989,,2017/02/13,forgot,forgot (#159),read,,,,1,0
1446656,Vikings Campaign Sourcebook,David Zeb Cook,"Cook, David Zeb","Ned Dameron, David C. Sutherland III","=""1560761288""","=""9781560761280""",0,3.62,TSR,Paperback,96,1991,1991,,2017/02/13,forgot,forgot (#158),read,,,,1,0
723128,"Tome of Magic (Advanced Dungeon & Dragons, 2th Edition)",David Zeb Cook,"Cook, David Zeb","Anthony Herring, Christopher Kubasik, Carl Sargent, Rick Swan, Nigel Findley","=""1560761075""","=""9781560761075""",0,3.78,TSR,Hardcover,210,1991,1991,,2017/02/13,forgot,forgot (#157),read,,,,1,0
731973,The Complete Thief's Handbook,John Nephew,"Nephew, John",,"=""0880387807""","=""9780880387804""",0,3.67,"TSR, Inc",Paperback,128,1990,1990,,2017/02/13,forgot,forgot (#156),read,,,,1,0
802975,The Complete Priest's Handbook,Aaron Allston,"Allston, Aaron",,"=""0880388188""","=""9780880388184""",0,3.48,"TSR, Inc",Paperback,128,1990,1990,,2017/02/13,forgot,forgot (#155),read,,,,1,0
497307,The Complete Fighter's Handbook,Aaron Allston,"Allston, Aaron",,"=""0880387793""","=""9780880387798""",0,3.69,"TSR, Inc",Paperback,126,1989,1989,,2017/02/13,forgot,forgot (#154),read,,,,1,0
802979,The Complete Book of Humanoids,Bill Slavicsek,"Slavicsek, Bill",,"=""1560766115""","=""9781560766117""",0,3.63,"TSR, Inc",Paperback,128,1993,1993,,2017/02/13,forgot,forgot (#153),read,,,,1,0
802980,The Complete Book of Elves,Colin McComb,"McComb, Colin",,"=""1560763760""","=""9781560763765""",0,3.69,"TSR, Inc",Paperback,128,1993,1993,,2017/02/13,forgot,forgot (#152),read,,,,1,0
803021,The Complete Book of Dwarves,Jim Bambra,"Bambra, Jim",,"=""1560761105""","=""9781560761105""",0,3.61,"TSR, Inc",Paperback,128,1991,1991,,2017/02/13,forgot,forgot (#151),read,,,,1,0
737327,"The Complete Spacefarer's Handbook (Spelljammer Campaign Reference, Advanced Dungeons & Dragons, 2nd Edition)",Barbara G. Young,"Young, Barbara G.",,"=""1560763477""","=""9781560763475""",0,4.00,TSR,Paperback,127,1992,1992,,2017/02/13,forgot,forgot (#150),read,,,,1,0
737326,"SpellJammer: Lost Ships (Advanced Dungeons & Dragons 2nd Edition, Stock #9280)",Ed Greenwood,"Greenwood, Ed",,"=""0880388315""","=""9780880388313""",0,3.44,TSR,Paperback,96,1990,1990,,2017/02/13,forgot,forgot (#149),read,,,,1,0
737342,"Realmspace (Advanced Dungeons & Dragons/Spelljammer, SJR2)",Dale Henson,"Henson, Dale",,"=""1560760524""","=""9781560760528""",0,3.55,Wizards of the Coast,Paperback,96,1991,1991,,2017/02/13,forgot,forgot (#148),read,,,,1,0
737330,Spelljammer: Adventures in Space,Jeff Grubb,"Grubb, Jeff",,"=""0880387629""","=""9780880387620""",0,3.65,TSR Inc.,Paperback,128,1989,1989,,2017/02/13,forgot,forgot (#147),read,,,,1,0
58147,"Player's Handbook (Advanced Dungeons & Dragons, 2nd Edition)",David Zeb Cook,"Cook, David Zeb",,"=""0880387165""","=""9780880387163""",0,4.07,Wizards of the Coast,Hardcover,255,1989,1989,,2017/02/13,forgot,forgot (#146),read,,,,1,0
1410150,Monstrous Compendium: Ravenloft:  Appendix: (Advanced Dungeons & Dragons 2nd Edition),William Connors,"Connors, William",,"=""1560761083""","=""9781560761082""",0,3.67,"TSR, Inc.",Looseleaf,32,1991,1991,,2017/02/13,forgot,forgot (#145),read,,,,1,0
737334,"Monstrous Compendium: Spelljammer Appendix, Volume 2, 2nd edition (Advanced Dungeons & Dragons)",John Terra,"Terra, John",,"=""0880388714""","=""9780880388719""",0,3.56,Wizards of the Coast,3-Ring Binder,70,1990,1990,,2017/02/13,forgot,forgot (#144),read,,,,1,0
1893636,Monstrous Compendium: Outer Planes Appendix,James Lafountain,"Lafountain, James","Thomas Baxa, Timothy B. Brown","=""1560760559""","=""9781560760559""",0,3.50,TSR Hobbies,Paperback,96,1991,1991,,2017/02/13,forgot,forgot (#143),read,,,,1,0
1446598,Monstrous Compendium: Volume Two,Mike Breault,"Breault, Mike","Kim Mohan, Bruce Heard, Jay Batista, Scott Bennie, Grant Boucher, William W. Connors, David            Cook, Steve Gilbert, Heike Kubasch, James Lowder, Bruce Nesmith, Jon Pickens, Jean Rabe, Rick Swan, John Terra, Gary Thomas, Steve Winter","=""088038753X""","=""9780880387538""",0,3.49,TSR/Wizards of the Coast,Unbound,144,1989,1989,,2017/02/13,forgot,forgot (#142),read,,,,1,0
802903,Monstrous Compendium: Fiend Folio Appendix,Skip Williams,"Williams, Skip",Jean Rabe,"=""1560764287""","=""9781560764281""",0,3.65,TSR,Unbound,64,1992,1992,,2017/02/13,forgot,forgot (#141),read,,,,1,0
1893635,Monstrous Compendium: Al Qadim Appendix,Wolfgang Baur,"Baur, Wolfgang",Steve Kurtz,"=""1560763701""","=""9781560763703""",0,3.60,TSR,Unbound,64,1992,1992,,2017/02/13,forgot,forgot (#140),read,,,,1,0
1446586,Monstrous Compendium: Volume One,David Zeb Cook,"Cook, David Zeb",James Lowder,"=""0880387386""","=""9780880387385""",0,3.61,TSR,3-ring Binder,144,1989,1989,,2017/02/13,forgot,forgot (#139),read,,,,1,0
1807071,Monstrous Compendium: Kara-Tur Appendix,Rick Swan,"Swan, Rick",,"=""088038851X""","=""9780880388511""",0,3.28,Wizards of the Coast,Unbound,64,1990,1990,,2017/02/13,forgot,forgot (#138),read,,,,1,0
1691863,Monstrous Compendium: Greyhawk Adventures Appendix (Advanced Dungeons and Dragons),Grant Boucher,"Boucher, Grant","William W. Connors, Steve Gilbert, Chris Mortika, Bruce Nesmith, Skip Williams","=""0880388366""","=""9780880388368""",0,3.37,TSR,Looseleaf,64,1990,1990,,2017/02/13,forgot,forgot (#137),read,,,,1,0
291634,Monstrous Compendium Forgotten Realms Appendix,Jeff Grubb,"Grubb, Jeff","Ed Greenwood, Skip Williams","=""1560761113""","=""9781560761112""",0,3.46,TSR,Unbound,64,1992,1992,,2017/02/13,forgot,forgot (#136),read,,,,1,0
757447,Monstrous Compendium: Forgotten Realms Appendix,David Zeb Cook,"Cook, David Zeb","Steve Winter, Jon Pickens","=""0880387696""","=""9780880387699""",0,3.69,TSR,Paperback,210,1989,1989,,2017/02/13,forgot,forgot (#135),read,,,,1,0
58144,Monstrous Compendium: Dragonlance Appendix (Advanced Dungeons & Dragons),Rick Swan,"Swan, Rick",,"=""0880388226""","=""9780880388221""",0,3.50,TSR,Looseleaf,96,1990,1989,,2017/02/13,forgot,forgot (#134),read,,,,1,0
1691862,"Terrors Of The Desert (Monstrous Compendium, Dark Sun Appendix)",Tom Prusa,"Prusa, Tom","Louis J. Prosperi, Walter M. Baas, Kira Glass, Timothy B. Brown, William W. Connors, C. Terry Phillips","=""1560762721""","=""9781560762720""",0,3.62,TSR,Paperback,96,1992,1992,,2017/02/13,forgot,forgot (#133),read,,,,1,0
1060737,Legends and Lore (Advanced Dungeons and Dragons),James M. Ward,"Ward, James M.",Robert J. Kuntz,"=""0880380500""","=""9780880380508""",0,4.07,TSR,Hardcover,128,1984,1980,,2017/02/13,forgot,forgot (#132),read,,,,1,0
867687,Greyhawk Adventures,James M. Ward,"Ward, James M.",,"=""0880386495""","=""9780880386494""",0,3.52,"TSR, Inc.",Hardcover,128,1988,1988,,2017/02/13,forgot,forgot (#131),read,,,,1,0
291578,"The Drow of the Underdark: Forgotten Realms Accessory, 2nd Edition (Advanced Dungeons & Dragons)",Ed Greenwood,"Greenwood, Ed",,"=""1560761326""","=""9781560761327""",0,3.96,Wizards of the Coast,Paperback,128,1991,1991,,2017/02/13,forgot,forgot (#130),read,,,,1,0
291537,Forgotten Realms Official Game Accessory: Draconomicon (Advanced Dungeons & Dragons 2nd Edition),Nigel Findley,"Findley, Nigel",,"=""0880388765""","=""9780880388764""",0,3.57,TSR Inc.,Paperback,128,1990,1990,,2017/02/13,forgot,forgot (#129),read,,,,1,0
291567,"Aurora's Whole Realms Catalogue (Accessory, Forgotten Realms Game)",Anne B. Brown,"Brown, Anne B.",J. Robert King,"=""1560763272""","=""9781560763277""",0,4.06,Wizards of the Coast,Paperback,159,1992,1992,,2017/02/13,forgot,forgot (#128),read,,,,1,0
235749,"Dungeon Masters Guide (Advanced Dungeons & Dragons, 1st Edition)",E. Gary Gygax,"Gygax, E. Gary","David C. Sutherland III, D.A. Trampier, Darlene Pekul, Will McLean, David S. La Force, Erol Otus, Mike Carr","=""0935696024""","=""9780935696028""",0,4.36,TSR Inc.,Hardcover,240,1979,1979,,2017/02/13,forgot,forgot (#127),read,,,,1,0
58157,"Dungeon Master's Guide (Advanced Dungeons & Dragons, 2nd Edition)",David Zeb Cook,"Cook, David Zeb",,"=""0880387297""","=""9780880387293""",0,4.02,"TSR, Inc",Hardcover,192,1989,1989,,2017/02/13,forgot,forgot (#126),read,,,,1,0
718588,"Time of the Dragon: Dragonlance Box (Advanced Dungeons and Dragons Dragonlance, Boxed Set)",David Zeb Cook,"Cook, David Zeb",,"=""0880387734""","=""9780880387736""",0,3.56,Wizards of the Coast,Boxed Set,210,1989,1989,,2017/02/13,forgot,forgot (#125),read,,,,1,0
362725,"Dragonlance: Adventures (Advanced Dungeons & Dragons 1st Edition, Stock #2021)",Tracy Hickman,"Hickman, Tracy",Margaret Weis,"=""0880384522""","=""9780880384520""",0,4.09,TSR Hobbies,Hardcover,128,1987,1987,,2017/02/13,forgot,forgot (#124),read,,,,1,0
656918,Campaign Option: Council of Wyrms Setting,Bill Slavicsek,"Slavicsek, Bill",,"=""0786913835""","=""9780786913831""",0,3.62,TSR Inc.,Hardcover,202,1999,1994,,2017/02/13,forgot,forgot (#123),read,,,,1,0
800227,"Dungeon Master's Guide Rules Supplement: Campaign Sourcebook and Catacomb Guide (Advanced Dungeons & Dragons 2nd Edition, Stock #2112)",Paul Jaquays,"Jaquays, Paul",,"=""088038817X""","=""9780880388177""",0,3.67,TSR,Paperback,128,1990,1990,,2017/02/13,forgot,forgot (#122),read,,,,1,0
758271,Street Samurai Catalog,Tom Dowd,"Dowd, Tom",,"=""1555601227""","=""9781555601225""",0,3.55,Fasa,Paperback,117,1990,1990,,2017/02/13,forgot,forgot (#121),read,,,,1,0
523701,Shadowrun,FASA Corporation,"Corporation, FASA",Tom Dowd,"=""1555601960""","=""""",0,3.94,FASA Entertainment,Hardcover,295,1992,1991,,2017/02/13,forgot,forgot (#120),read,,,,1,0
22048766,Avalon Hill Runequest 3rd Deluxe Edition,Avalon Hill Company,"Company, Avalon Hill",,"=""""","=""""",0,3.92,Avalon Hill Company,Paperback,,,,,2017/02/13,forgot,forgot (#119),read,,,,1,0
829113,Beavis Butthead Chicken Soup For The Butt: A Guide To Finding Your Inner Butt,Andy Rheingold,"Rheingold, Andy",Scott Sonneborn,"=""0671025988""","=""9780671025984""",4,3.91,MTV,Paperback,80,1998,1998,,2017/02/13,,,read,,,,2,0
1259840,GURPS Time Travel: Adventures Across Time and Dimension,Steve  Jackson,"Jackson, Steve",John M. Ford,"=""1556341156""","=""9781556341151""",0,3.84,Steve Jackson Games,Paperback,128,1995,1993,,2017/02/13,forgot,forgot (#117),read,,,,1,0
2895459,GURPS Supers,Loyd Blankenship,"Blankenship, Loyd",,"=""1556341121""","=""9781556341120""",0,3.25,Steve Jackson Games,Paperback,112,1989,1989,,2017/02/13,forgot,forgot (#116),read,,,,1,0
1524419,GURPS Psionics: Fantastic Powers of Mind Over Matter,David L. Pulver,"Pulver, David L.",,"=""1556341962""","=""9781556341960""",0,3.62,Steve Jackson Games,Paperback,128,1995,1995,,2017/02/13,forgot,forgot (#115),read,,,,1,0
1925251,GURPS Martial Arts Adventures: Hard-Hitting Scenarios for GURPS Martial Arts,Chris W. McCubbin,"McCubbin, Chris W.","Stephen Dedman, C.J. Carella","=""1556342497""","=""9781556342493""",0,2.88,Steve Jackson Games,Paperback,128,1992,1992,,2017/02/13,forgot,forgot (#114),read,,,,1,0
1106555,GURPS Magic: A Tome of Mystic Secrets for Fantasy Roleplaying,Steve  Jackson,"Jackson, Steve",,"=""1556342861""","=""9781556342868""",0,3.58,Steve Jackson Games,Paperback,128,1994,1989,,2017/02/13,forgot,forgot (#113),read,,,,1,0
877502,"GURPS Bestiary: Monsters, Beasts, and Companions",Steffan O'Sullivan,"O'Sullivan, Steffan",,"=""1556344120""","=""9781556344121""",0,3.71,Steve Jackson Games,Paperback,128,2000,2000,,2017/02/13,forgot,forgot (#111),read,,,,1,0
1759367,GURPS Basic Set (GURPS Third Edition),Steve  Jackson,"Jackson, Steve",,"=""155634127X""","=""9781556341274""",0,3.80,Steve Jackson Games,Paperback,272,1996,1989,,2017/02/13,forgot,forgot (#110),read,,,,1,0
3776138,Gamma World Science Fantasy Role-Playing Game,James M. Ward,"Ward, James M.",,"=""0880383305""","=""9780880383301""",0,3.74,TSR,Paperback,98,1986,1978,,2017/02/13,forgot,forgot (#109),read,,,,1,0
1435237,"Treasures Of The Ancients (Gamma World Game Accessory, Adventure Gwa1)",Dale Henson,"Henson, Dale",,"=""1560765771""","=""9781560765776""",0,4.00,TSR,Paperback,,,,,2017/02/13,forgot,forgot (#108),read,,,,1,0
92906,"Before the Mask (Dragonlance: Villains, #1)",Michael   Williams,"Williams, Michael",Teri Williams,"=""1560765836""","=""9781560765837""",0,3.71,TSR Inc.,Mass Market Paperback,312,1993,1993,,2017/02/13,forgot,forgot (#107),read,,,,1,0
92908,"Dark Heart (Dragonlance: Meetings Sextet, #3)",Tina Daniell,"Daniell, Tina",,"=""1560761164""","=""9781560761167""",0,3.67,TSR,Mass Market Paperback,310,1992,1992,,2017/02/13,forgot,forgot (#106),read,,,,1,0
108889,"The Oath and the Measure (Dragonlance: Meetings Sextet, #4)",Michael   Williams,"Williams, Michael",,"=""1560763361""","=""9781560763369""",0,3.71,Wizards of the Coast,Mass Market Paperback,311,1992,1993,,2017/02/13,forgot,forgot (#105),read,,,,1,0
92905,"Steel and Stone (Dragonlance: Meetings Sextet, #5)",Ellen Porath,"Porath, Ellen",,"=""1560763396""","=""9781560763390""",0,3.72,Wizards of the Coast,Mass Market Paperback,320,1992,1992,,2017/02/13,forgot,forgot (#104),read,,,,1,0
668830,"Kindred Spirits (Dragonlance: Meetings Sextet, #1)",Mark        Anthony,"Anthony, Mark",Ellen Porath,"=""1560760699""","=""9781560760696""",0,3.84,TSR Inc,Mass Market Paperback,310,1991,1991,,2017/02/13,forgot,forgot (#103),read,,,,1,0
92882,"The Companions (Dragonlance: Meetings Sextet, #6)",Tina Daniell,"Daniell, Tina",,"=""156076340X""","=""9781560763406""",0,3.88,Wizards of the Coast,Mass Market Paperback,312,1993,1993,,2017/02/13,forgot,forgot (#102),read,,,,1,0
534499,"Wanderlust (Dragonlance: Meetings Sextet, #2)",Mary L. Kirchoff,"Kirchoff, Mary L.",Steve Winter,"=""1560761156""","=""9781560761150""",0,3.79,TSR,Mass Market Paperback,320,1991,1991,,2017/02/13,forgot,forgot (#101),read,,,,1,0
534480,"The Kinslayer Wars (Dragonlance: Elven Nations, #2)",Douglas Niles,"Niles, Douglas",,"=""0786933704""","=""9780786933709""",0,3.85,Wizards of the Coast,Mass Market Paperback,309,2004,1991,,2017/02/13,forgot,forgot (#100),read,,,,1,0
534476,"The Qualinesti (Dragonlance: Elven Nations, #3)",Paul B. Thompson,"Thompson, Paul B.",Tonya C. Cook,"=""0786933739""","=""9780786933730""",0,3.82,Wizards of the Coast,Mass Market Paperback,310,2004,1991,,2017/02/13,forgot,forgot (#99),read,,,,1,0
362677,"Kender, Gully Dwarves, and Gnomes",Margaret Weis,"Weis, Margaret",Tracy Hickman,"=""0880383828""","=""9780880383820""",0,3.55,TSR Inc.,Mass Market Paperback,364,1987,1987,,2017/02/13,forgot,forgot (#97),read,,,,1,0
871673,"The Reign of Istar (Dragonlance: Tales II, #1)",Margaret Weis,"Weis, Margaret",,"=""1560763264""","=""9781560763260""",0,3.73,TSR,Mass Market Paperback,342,1992,1992,,2017/02/13,forgot,forgot (#96),read,,,,1,0
279585,"The War of the Lance (DragonLance: Tales II, #3)",Margaret Weis,"Weis, Margaret","Tracy Hickman, Richard A. Knaak, Michael   Williams","=""1560764317""","=""9781560764311""",0,3.91,TSR,Mass Market Paperback,343,1992,1992,,2017/02/13,forgot,forgot (#95),read,,,,1,0
28539,The Magic of Krynn,Margaret Weis,"Weis, Margaret","Tracy Hickman, Barbara Siegel, Scott Siegel, Roger E. Moore, Warren B. Smith, Nick O'Donohoe, Richard A. Knaak, Nancy Varian Berberick, Mary L. Kirchoff, Michael   Williams","=""0880384549""","=""9780880384544""",0,3.76,Wizards of the Coast,Mass Market Paperback,350,1987,1987,,2017/02/13,forgot,forgot (#94),read,,,,1,0
92894,Love and War,Margaret Weis,"Weis, Margaret","Tracy Hickman, Harold Bakst, Barbara Siegel, Scott Siegel, Nick O'Donohoe, Nancy Varian Berberick, Richard A. Knaak, Paul B. Thompson, Laura Hickman, Kate Novak, Kevin D. Randle, Tonya C. Cook, Dezra Despain, Michael   Williams","=""0880385197""","=""9780880385190""",0,3.87,TSR Inc,Mass Market Paperback,368,1987,1987,,2017/02/13,forgot,forgot (#93),read,,,,1,0
871672,"The Cataclysm (Dragonlance: Tales II, #2)",Margaret Weis,"Weis, Margaret",,"=""1560764309""","=""9781560764304""",0,3.75,Wizards of the Coast,Mass Market Paperback,343,1992,1992,,2017/02/13,forgot,forgot (#92),read,,,,1,0
92903,"Riverwind the Plainsman (Dragonlance: Preludes, #4; Preludes II, #1)",Paul B. Thompson,"Thompson, Paul B.",Tonya C. Cook,"=""0786930098""","=""9780786930098""",0,3.69,Wizards of the Coast,Mass Market Paperback,320,2003,1990,,2017/02/13,forgot,forgot (#91),read,,,,1,0
57376,"Flint the King (Dragonlance: Preludes, #5; Preludes II, #2)",Mary L. Kirchoff,"Kirchoff, Mary L.",Douglas Niles,"=""0786930217""","=""9780786930210""",0,3.80,Wizards of the Coast,Mass Market Paperback,320,2003,1990,,2017/02/13,forgot,forgot (#90),read,,,,1,0
235475,"Tanis, the Shadow Years (Dragonlance: Preludes  #6; Preludes II, #3)",Barbara Siegel,"Siegel, Barbara",Scott Siegel,"=""078693039X""","=""9780786930395""",0,3.83,Wizards of the Coast,Mass Market Paperback,320,2003,1990,,2017/02/13,forgot,forgot (#89),read,,,,1,0
92871,"Brothers Majere (Dragonlance: Preludes, #3)",Kevin Stein,"Stein, Kevin",,"=""0786929715""","=""9780786929719""",0,4.09,Wizards of the Coast,Mass Market Paperback,352,2003,1989,,2017/02/13,forgot,forgot (#88),read,,,,1,0
92904,"Kendermore (Dragonlance: Preludes, #2)",Mary L. Kirchoff,"Kirchoff, Mary L.",,"=""0786929472""","=""9780786929474""",0,3.71,Wizards of the Coast,Mass Market Paperback,346,2003,1989,,2017/02/13,forgot,forgot (#87),read,,,,1,0
92895,"Darkness and Light (Dragonlance: Preludes, #1)",Paul B. Thompson,"Thompson, Paul B.",Tonya C. Cook,"=""0786929235""","=""9780786929238""",0,3.69,Wizards of the Coast,Mass Market Paperback,376,2003,1989,,2017/02/13,forgot,forgot (#86),read,,,,1,0
362744,"Leaves from the Inn of the Last Home (Dragonlance: Leaves from the Inn of the Last Home, #1)",Margaret Weis,"Weis, Margaret",Tracy Hickman,"=""0880384654""","=""9780880384650""",0,3.94,Wizards of the Coast,Paperback,256,1993,1987,,2017/02/13,forgot,forgot (#85),read,,,,1,0
534472,"Galen Beknighted (Dragonlance: Heroes, #6, Heroes II, #3)",Michael   Williams,"Williams, Michael",,"=""""","=""""",0,3.57,"TSR, Inc.",Mass Market Paperback,320,1990,1990,,2017/02/13,forgot,forgot (#84),read,,,,1,0
235474,"The Gates of Thorbardin (Dragonlance: Heroes, #5) (Heroes II, #2)",Dan Parkinson,"Parkinson, Dan",,"=""0786932546""","=""9780786932542""",0,3.84,Wizards of the Coast,Mass Market Paperback,310,2004,1990,,2017/02/13,forgot,forgot (#83),read,,,,1,0
29186,"Kaz the Minotaur (Dragonlance: Heroes, #4; Heroes II, #1)",Richard A. Knaak,"Knaak, Richard A.",,"=""0786932317""","=""9780786932313""",0,3.82,Wizards of the Coast,Mass Market Paperback,320,2004,1990,,2017/02/13,forgot,forgot (#82),read,,,,1,0
425608,"Weasel's Luck (Dragonlance: Heroes, #3)",Michael   Williams,"Williams, Michael",,"=""0786931817""","=""9780786931811""",0,3.54,Wizards of the Coast,Mass Market Paperback,352,2004,1988,,2017/02/13,forgot,forgot (#81),read,,,,1,0
478759,"Stormblade (Dragonlance: Heroes, #2)",Nancy Varian Berberick,"Berberick, Nancy Varian",,"=""""","=""""",0,3.71,Wizards of the Coast,Mass Market Paperback,352,2004,1988,,2017/02/13,forgot,forgot (#80),read,,,,1,0
25295,"The Legend of Huma (Dragonlance: Heroes, #1)",Richard A. Knaak,"Knaak, Richard A.",,"=""078693137X""","=""9780786931378""",0,4.05,Wizards of the Coast,Mass Market Paperback,384,2004,1988,,2017/02/13,forgot,forgot (#79),read,,,,1,0
68378,"Dragons of Spring Dawning (Dragonlance: Chronicles, #3)",Margaret Weis,"Weis, Margaret",Tracy Hickman,"=""0786930705""","=""9780786930708""",0,4.14,Wizards of the Coast,Hardcover,352,2003,1985,,2017/02/13,,,read,,,,1,0
23454,"Dragons of Winter Night (Dragonlance: Chronicles, #2)",Margaret Weis,"Weis, Margaret","Tracy Hickman, Andrew Dabb, Steve Kurth","=""1932796789""","=""9781932796780""",0,4.15,Devil's Due Publishing,Paperback,358,2007,1985,,2017/02/13,forgot,forgot (#78),read,,,,1,0
259836,"Dragons of Autumn Twilight  (Dragonlance: Chronicles, #1)",Margaret Weis,"Weis, Margaret",Tracy Hickman,"=""0786915749""","=""9780786915743""",0,4.01,Wizards of the Coast,Mass Market Paperback,444,2000,1984,,2017/02/13,forgot,forgot (#77),read,,,,1,0
15433,"Night Mare (Xanth, #6)",Piers Anthony,"Anthony, Piers",,"=""0345418549""","=""9780345418548""",0,3.85,Del Rey,Paperback,320,1997,1983,,2017/02/13,forgot,forgot (#76),read,,,,1,0
99452,"Ogre, Ogre (Xanth #5)",Piers Anthony,"Anthony, Piers",,"=""0345418530""","=""9780345418531""",0,3.78,Del Rey,Paperback,307,1997,1982,,2017/02/13,forgot,forgot (#75),read,,,,1,0
96980,"Centaur Aisle (Xanth, #4)",Piers Anthony,"Anthony, Piers",,"=""0345418522""","=""9780345418524""",0,3.81,Del Rey,Paperback,304,1997,1981,,2017/02/13,forgot,forgot (#74),read,,,,1,0
498192,"Sweet Myth-Tery of Life (Myth Adventures, #10)",Robert Lynn Asprin,"Asprin, Robert Lynn",,"=""0898658594""","=""9780898658590""",0,3.85,Walsworth Pub Co,Hardcover,175,1994,1994,,2017/02/13,forgot,forgot (#73),read,,,,1,0
148206,"M.Y.T.H. Inc. in Action (Myth Adventures, #9)",Robert Lynn Asprin,"Asprin, Robert Lynn",,"=""0441014844""","=""9780441014842""",0,3.96,Ace,Mass Market Paperback,208,2007,1990,,2017/02/13,forgot,forgot (#72),read,,,,1,0
552344,"Myth-Nomers and Im-Pervections (Myth Adventures, #8)",Robert Lynn Asprin,"Asprin, Robert Lynn",,"=""0441014615""","=""9780441014613""",0,3.95,Ace,Mass Market Paperback,224,2006,1987,,2017/02/13,forgot,forgot (#71),read,,,,1,0
148205,"M.Y.T.H. Inc. Link (Myth Adventures, #7)",Robert Lynn Asprin,"Asprin, Robert Lynn",,"=""0441014496""","=""9780441014491""",0,3.93,Ace,Mass Market Paperback,176,2006,1986,,2017/02/13,forgot,forgot (#70),read,,,,1,0
367390,"Little Myth Marker (Myth Adventures, #6)",Robert Lynn Asprin,"Asprin, Robert Lynn",,"=""0441014372""","=""9780441014378""",0,3.97,Ace,Mass Market Paperback,208,2006,1985,,2017/02/13,forgot,forgot (#69),read,,,,1,0
461627,"Myth-ing Persons (Myth Adventures, #5)",Robert Lynn Asprin,"Asprin, Robert Lynn",,"=""044101416X""","=""9780441014163""",0,3.98,Ace,Mass Market Paperback,208,2006,1984,,2017/02/13,forgot,forgot (#68),read,,,,1,0
552347,"Myth Directions (Myth Adventures, #3)",Robert Lynn Asprin,"Asprin, Robert Lynn",,"=""0441013848""","=""9780441013845""",0,4.08,Ace,Mass Market Paperback,224,2006,1982,,2017/02/13,forgot,forgot (#67),read,,,,1,0
13658,"The Other Wind (Earthsea Cycle, #6)",Ursula K. Le Guin,"Guin, Ursula K. Le",,"=""044101125X""","=""9780441011254""",0,4.20,Ace Books,Paperback,211,2003,2001,,2017/02/13,to-read,to-read (#83),to-read,,,,0,0
13659,"Tales from Earthsea (Earthsea Cycle, #5)",Ursula K. Le Guin,"Guin, Ursula K. Le",,"=""0441011241""","=""9780441011247""",0,4.09,Ace,Mass Market Paperback,280,2003,2001,,2017/02/13,to-read,to-read (#82),to-read,,,,0,0
13667,"The Farthest Shore (Earthsea Cycle, #3)",Ursula K. Le Guin,"Guin, Ursula K. Le",,"=""141650964X""","=""9781416509646""",0,4.13,Gallery Books,Paperback,259,2004,1972,,2017/02/13,to-read,to-read (#80),to-read,,,,0,0
13661,"Tehanu (Earthsea Cycle, #4)",Ursula K. Le Guin,"Guin, Ursula K. Le",,"=""1416509631""","=""9781416509639""",0,4.06,Pocket Books,Paperback,281,2004,1990,,2017/02/13,to-read,to-read (#81),to-read,,,,0,0
13662,"The Tombs of Atuan (Earthsea Cycle, #2)",Ursula K. Le Guin,"Guin, Ursula K. Le",,"=""0689845367""","=""9780689845369""",0,4.14,Aladdin Paperbacks,Mass Market Paperback,180,2001,1971,,2017/02/13,to-read,to-read (#79),to-read,,,,0,0
13642,"A Wizard of Earthsea (Earthsea Cycle, #1)",Ursula K. Le Guin,"Guin, Ursula K. Le",,"=""""","=""""",0,4.01,,Paperback,183,2004,1968,,2017/02/13,forgot,forgot (#66),read,,,,1,0
11313,"Silver on the Tree (The Dark is Rising, #5)",Susan Cooper,"Cooper, Susan",,"=""0689840330""","=""9780689840333""",0,4.11,Margaret K. McElderry Books,Paperback,274,2000,1977,,2017/02/13,forgot,forgot (#65),read,,,,1,0
222576,"The Grey King (The Dark is Rising, #4)",Susan Cooper,"Cooper, Susan",,"=""1416949674""","=""9781416949671""",0,4.16,Margaret K. McElderry Books,Paperback,165,2007,1975,,2017/02/13,forgot,forgot (#64),read,,,,1,0
24963,"Greenwitch (The Dark is Rising, #3)",Susan Cooper,"Cooper, Susan",,"=""0689840349""","=""9780689840340""",0,4.00,Margaret K. McElderry Books,Paperback,147,1997,1974,,2017/02/13,forgot,forgot (#63),read,,,,1,0
210329,"The Dark Is Rising (The Dark is Rising, #2)",Susan Cooper,"Cooper, Susan",,"=""1416949658""","=""9781416949657""",0,4.04,Margaret K. McElderry ,Paperback,244,2007,1973,,2017/02/13,forgot,forgot (#62),read,,,,1,0
11312,"Over Sea, Under Stone (The Dark is Rising, #1)",Susan Cooper,"Cooper, Susan",,"=""068987121X""","=""9780689871214""",0,3.86,Aladdin Paperbacks,Paperback,196,2004,1965,,2017/02/13,forgot,forgot (#61),read,,,,1,0
18131,"A Wrinkle in Time (Time Quintet, #1)",Madeleine L'Engle,"L'Engle, Madeleine",,"=""0440498058""","=""9780440498056""",0,3.97,Yearling Books,Paperback,211,1973,1962,,2017/02/13,forgot,forgot (#60),read,,,,1,0
355697,All Quiet on the Western Front,Erich Maria Remarque,"Remarque, Erich Maria",Arthur Wesley Wheen,"=""0449213943""","=""9780449213940""",0,4.11,Ballantine Books,Mass Market Paperback,296,1987,1928,,2017/02/13,forgot,forgot (#59),read,,,,1,0
149302,"Silverthorn (The Riftwar Saga, #3)",Raymond E. Feist,"Feist, Raymond E.",,"=""0586064176""","=""9780586064177""",0,4.11,Grafton Books,Mass Market Paperback,432,1986,1985,,2017/02/13,forgot,forgot (#58),read,,,,1,0
13813,"A Darkness at Sethanon (The Riftwar Saga, #4)",Raymond E. Feist,"Feist, Raymond E.",,"=""0586066888""","=""9780586066881""",0,4.20,Grafton Books,Mass Market Paperback,527,1987,1986,,2017/02/13,forgot,forgot (#57),read,,,,1,0
18423,The Left Hand of Darkness,Ursula K. Le Guin,"Guin, Ursula K. Le",,"=""""","=""""",0,4.10,Ace,Paperback,304,2000,1969,,2017/02/13,forgot,forgot (#56),read,,,,1,0
179291,Work Is Hell,Matt Groening,"Groening, Matt",,"=""0007181302""","=""9780007181308""",0,4.18,Harpercollins Entertainment,Paperback,48,2004,1985,,2017/02/12,forgot,forgot (#55),read,,,,1,0
214579,"The Story of B (Ishmael, #2)",Daniel Quinn,"Quinn, Daniel",,"=""0553379011""","=""9780553379013""",5,4.15,Bantam,Paperback,352,1997,1996,,2017/02/12,,,read,,,,2,0
77215,The Road to Mars: A Post-Modem Novel,Eric Idle,"Idle, Eric",,"=""0375703128""","=""9780375703126""",0,3.52,Vintage,Paperback,320,2001,1990,,2017/02/12,to-read,to-read (#78),to-read,,,,0,0
30013,"Prelude to Foundation (Foundation, #6)",Isaac Asimov,"Asimov, Isaac",,"=""""","=""""",0,4.17,Voyager,Mass Market Paperback,460,1994,1988,,2017/02/12,forgot,forgot (#54),read,,,,1,0
5954,Narcissus and Goldmund,Hermann Hesse,"Hesse, Hermann",Ursule Molinaro,"=""0374506841""","=""9780374506841""",5,4.22,"The Noonday Press / Farrar, Straus Giroux",Paperback,315,1997,1930,,2017/02/12,,,read,,,,1,0
179290,Love Is Hell,Matt Groening,"Groening, Matt",,"=""0679756655""","=""9780679756651""",0,4.11,Pantheon,Paperback,56,1994,1982,,2017/02/12,forgot,forgot (#53),read,,,,1,0
34548,If Chins Could Kill: Confessions of a B Movie Actor,Bruce Campbell,"Campbell, Bruce",,"=""0312291450""","=""9780312291457""",2,3.95,L.A. Weekly Books,Paperback,344,2002,2001,,2017/02/12,,,read,,,,2,0
30870,How Computers Work,Ron   White,"White, Ron",,"=""0789734249""","=""9780789734242""",5,3.89,Que Pub,Paperback,452,2005,1992,,2017/02/12,,,read,,,,1,0
29581,"Foundation and Empire (Foundation, #2)",Isaac Asimov,"Asimov, Isaac",,"=""0553803727""","=""9780553803723""",0,4.22,Spectra,Hardcover,256,2004,1952,,2017/02/12,to-read,to-read (#77),to-read,,,,0,0
29579,"Foundation (Foundation, #1)",Isaac Asimov,"Asimov, Isaac",,"=""0553803719""","=""9780553803716""",0,4.17,Bantam,Hardcover,244,2004,1951,,2017/02/12,forgot,forgot (#52),read,,,,1,0
8704,Starship Titanic (IMAGINAIRE),Terry Jones,"Jones, Terry","Douglas Adams, Marie-Catherine Caillava","=""2290053651""","=""9782290053652""",0,3.61,J'ai Lu,Paperback,189,2001,1997,,2017/02/12,forgot,forgot (#51),read,,,,1,0
724436,Homes and Other Black Holes,Dave Barry,"Barry, Dave",,"=""0345394402""","=""9780345394408""",0,3.85,Ballantine Books,Mass Market Paperback,196,1995,1988,,2017/02/12,forgot,forgot (#50),read,,,,1,0
179293,Childhood Is Hell,Matt Groening,"Groening, Matt",,"=""0007180268""","=""9780007180264""",0,4.14,HarperCollins Australia,Paperback,48,2004,1988,,2017/02/12,forgot,forgot (#49),read,,,,1,0
133027,Happy Trails!,Berkeley Breathed,"Breathed, Berkeley",,"=""0316107417""","=""9780316107419""",0,4.31,"Little, Brown and Company",Paperback,87,1990,1990,,2017/02/12,forgot,forgot (#48),read,,,,1,0
102327,Armor,John Steakley,"Steakley, John",,"=""0886773687""","=""9780886773687""",0,4.10,DAW,Mass Market Paperback,426,1984,1984,,2017/02/12,forgot,forgot (#47),read,,,,1,0
310612,A Confederacy of Dunces,John Kennedy Toole,"Toole, John Kennedy",Walker Percy,"=""0802130208""","=""9780802130204""",0,3.89,Grove Press,Paperback,394,1994,1980,,2017/02/12,forgot,forgot (#46),read,,,,1,0
14497,"Neverwhere (London Below, #1)",Neil Gaiman,"Gaiman, Neil",,"=""0060557818""","=""9780060557812""",0,4.16,William Morrow Paperbacks,Paperback,370,2003,1996,,2017/02/12,forgot,forgot (#30),read,,,,1,0
64467,The Ringworld Throne (Ringworld #3),Larry Niven,"Niven, Larry",,"=""0345412966""","=""9780345412966""",0,3.55,Del Rey,Mass Market Paperback,368,1997,1996,,2017/02/12,forgot,forgot (#44),read,,,,2,0
64113,Everything You Know Is Wrong,Paul Kirchner,"Kirchner, Paul",,"=""1881649709""","=""9781881649700""",0,3.64,General Pub Group,Paperback,192,1995,1995,,2017/02/12,forgot,forgot (#30),read,,,,1,0
353,Time Enough for Love,Robert A. Heinlein,"Heinlein, Robert A.",,"=""""","=""""",0,3.97,Ace,Mass Market Paperback,589,1988,1973,,2017/02/12,forgot,forgot (#45),read,,,,2,0
843588,Vampire$,John Steakley,"Steakley, John",,"=""0451451538""","=""9780451451538""",0,3.72,Roc,Mass Market Paperback,368,1992,1990,,2017/02/12,forgot,forgot (#42),read,,,,2,0
113019,Stay Fit and Healthy Until You're Dead,Dave Barry,"Barry, Dave",,"=""0878575707""","=""9780878575701""",0,3.56,Rodale Books,Paperback,96,2000,1996,,2017/02/12,forgot,forgot (#37),read,,,,2,0
126027,The World According to Dave Barry,Dave Barry,"Barry, Dave",,"=""051711870X""","=""9780517118702""",0,4.02,Random House Value Publishing,Hardcover,528,1994,1994,,2017/02/12,forgot,forgot (#44),read,,,,2,0
159882,The Forest People,Colin M. Turnbull,"Turnbull, Colin M.",Harry L. Shapiro,"=""0671640992""","=""9780671640996""",0,3.96,Touchstone,Paperback,295,1987,1961,,2017/02/12,forgot,forgot (#30),read,,,,1,0
34270,"The Callahan Chronicals (Callahan's, #1-3)",Spider Robinson,"Robinson, Spider",,"=""0812539370""","=""9780812539370""",0,4.30,Tor,Paperback,400,1997,1988,,2017/02/12,forgot,forgot (#40),read,,,,2,0
363883,"Bazil Broketail (Bazil Broketail, #1)",Christopher Rowley,"Rowley, Christopher",,"=""0451452062""","=""9780451452061""",0,4.12,ROC,Mass Market Paperback,476,1992,1992,,2017/02/12,forgot,forgot (#31),read,,,,1,0
4985,Welcome to the Monkey House,Kurt Vonnegut Jr.,"Jr., Kurt Vonnegut",,"=""0385333501""","=""9780385333504""",0,4.13,Dial Press Trade Paperbacks,Paperback,331,2013,1968,,2017/02/12,forgot,forgot (#45),read,,,,2,0
552349,"Hit or Myth (Myth Adventures, #4)",Robert Lynn Asprin,"Asprin, Robert Lynn",,"=""0441013953""","=""9780441013951""",0,4.06,Ace,Mass Market Paperback,208,2006,1983,,2017/02/12,forgot,forgot (#32),read,,,,1,0
317492,Split Heirs,Lawrence Watt-Evans,"Watt-Evans, Lawrence",Esther M. Friesner,"=""0312853203""","=""9780312853204""",0,3.58,Tor Books,Hardcover,319,1993,1993,,2017/02/12,forgot,forgot (#31),read,,,,1,0
13810,"Magician: Master (The Riftwar Saga, #2)",Raymond E. Feist,"Feist, Raymond E.",,"=""0553564935""","=""9780553564938""",0,4.25,Spectra,Mass Market Paperback,499,1993,1982,,2017/02/12,forgot,forgot (#29),read,,,,1,0
179294,School is Hell,Matt Groening,"Groening, Matt",,"=""0007179243""","=""9780007179244""",0,4.24,HarperCollins Entertainment ,Paperback,48,2004,1987,,2017/02/12,forgot,forgot (#28),read,,,,1,0
894141,"M.Y.T.H. Inc. in Action / Sweet Myth-tery of Life (Myth Adventures, #9-10)",Robert Lynn Asprin,"Asprin, Robert Lynn",,"=""0441009824""","=""9780441009824""",0,4.15,Ace,Mass Market Paperback,368,2002,2002,,2017/02/12,forgot,forgot (#34),read,,,,1,0
21245,"Orion (Orion, #1)",Ben Bova,"Bova, Ben",,"=""0812532473""","=""9780812532470""",0,3.74,Tor Science Fiction,Mass Market Paperback,432,1992,1984,,2017/02/12,forgot,forgot (#28),read,,,,1,0
61181,The Ringworld Engineers (Ringworld #2),Larry Niven,"Niven, Larry",,"=""0345418417""","=""9780345418418""",0,3.88,Del Rey,Paperback,307,1997,1979,,2017/02/12,forgot,forgot (#39),read,,,,2,0
61179,Ringworld (Ringworld #1),Larry Niven,"Niven, Larry",,"=""0575077026""","=""9780575077027""",0,3.94,Gollancz,Paperback,288,2005,1970,,2017/02/12,forgot,forgot (#36),read,,,,1,0
50877,The Number of the Beast,Robert A. Heinlein,"Heinlein, Robert A.",,"=""0449900401""","=""9780449900406""",0,3.62,Ballantine Books,Paperback,511,1980,1980,,2017/02/12,forgot,forgot (#42),read,,,,1,0
154091,"Mona Lisa Overdrive (Sprawl, #3)",William Gibson,"Gibson, William",,"=""0553281747""","=""9780553281743""",0,4.02,Bantam Doubleday Dell Publishing Group,Mass Market Paperback,308,1989,1988,,2017/02/12,forgot,forgot (#36),read,,,,2,0
6514,The Bell Jar,Sylvia Plath,"Plath, Sylvia",,"=""0571268862""","=""9780571268863""",0,4.05,Harper Perennial Modern Classics,Paperback,294,2006,1963,,2017/02/12,forgot,forgot (#32),read,,,,1,0
96977,"Castle Roogna (Xanth, #3)",Piers Anthony,"Anthony, Piers",,"=""0345418514""","=""9780345418517""",0,3.91,Del Rey,Paperback,336,1997,1979,,2017/02/12,forgot,forgot (#26),read,,,,1,0
564450,"The Invaders Plan (Mission Earth, #1)",L. Ron Hubbard,"Hubbard, L. Ron",,"=""0884042820""","=""9780884042822""",0,3.45,Bridge,Paperback,615,1990,1985,,2017/02/12,forgot,forgot (#38),read,,,,1,0
7763,The Joy Luck Club,Amy Tan,"Tan, Amy",,"=""""","=""""",0,3.97,Penguin (Non-Classics),Paperback,288,2006,1989,,2017/02/12,forgot,forgot (#40),read,,,,2,0
239102,"Starless Night (Forgotten Realms: Legacy of the Drow, #2; Legend of Drizzt, #8)",R.A. Salvatore,"Salvatore, R.A.",,"=""1560768800""","=""9781560768807""",0,4.15,Random House TSR,Paperback,320,1994,1992,,2017/02/12,forgot,forgot (#39),read,,,,2,0
547094,I Am Legend and Other Stories,Richard Matheson,"Matheson, Richard",,"=""031286504X""","=""9780312865047""",0,4.00,Orb Books,Paperback,317,1997,1954,,2017/02/12,forgot,forgot (#29),read,,,,1,0
15447,"The Source of Magic (Xanth, #2)",Piers Anthony,"Anthony, Piers",,"=""0345418506""","=""9780345418500""",0,3.90,Del Rey,Paperback,326,1997,1979,,2017/02/12,forgot,forgot (#34),read,,,,1,0
49838,"Titan (Gaea, #1)",John Varley,"Varley, John",,"=""""","=""""",0,3.94,Ace,Paperback,309,1987,1979,,2017/02/12,forgot,forgot (#35),read,,,,1,0
234225,Dune (Dune #1),Frank Herbert,"Herbert, Frank",,"=""0340839937""","=""9780340839935""",0,4.29,Hodder,Paperback,604,2006,1965,,2017/02/12,forgot,forgot (#33),read,,,,1,0
3,"Harry Potter and the Sorcerer's Stone (Harry Potter, #1)",J.K. Rowling,"Rowling, J.K.",,"=""0439554934""","=""9780439554930""",0,4.47,Scholastic Inc,Hardcover,309,2003,1997,,2017/02/12,forgot,forgot (#41),read,,,,2,0
43915,Magician: Apprentice Volume 1  (Raymond E. Feist's Magician: Apprentice #1),Raymond E. Feist,"Feist, Raymond E.","Bryan Jason Lee Glass, Brett Booth, Ryan Stegman","=""0785127224""","=""9780785127222""",0,4.45,Marvel Enterprises,Hardcover,168,2007,1984,,2017/02/12,forgot,forgot (#30),read,,,,1,0
7149692,Johnny the Homicidal Maniac #4,Jhonen Vásquez,"Vásquez, Jhonen",,"=""""","=""""",0,4.54,,,,,,,2017/02/12,forgot,forgot (#43),read,,,,2,0
939740,"The Integral Trees (The State, #2)",Larry Niven,"Niven, Larry",,"=""0345320654""","=""9780345320650""",0,3.76,Del Rey Ballantine,Mass Market Paperback,272,1985,1984,,2017/02/12,forgot,forgot (#38),read,,,,2,0
24815,The Indispensable Calvin and Hobbes,Bill Watterson,"Watterson, Bill",,"=""0751500283""","=""9780751500288""",5,4.71,Sphere,Paperback,255,1992,1992,,2017/02/12,,,read,,,,1,0
34497,"The Color of Magic (Discworld, #1; Rincewind, #1)",Terry Pratchett,"Pratchett, Terry",,"=""0060855924""","=""9780060855925""",0,3.99,Harper,Paperback,228,2005,1983,,2017/02/12,forgot,forgot (#28),read,,,,1,0
264765,Grunts,Mary Gentle,"Gentle, Mary",,"=""0451454537""","=""9780451454539""",0,3.51,Penguin Books USA Inc,Mass Market Paperback,464,1995,1992,,2017/02/12,forgot,forgot (#27),read,,,,1,0
305110,The Dilbert Principle & The Dilbert Future,Scott Adams,"Adams, Scott",,"=""""","=""""",0,3.93,,,,,2011,,2017/02/12,forgot,forgot (#26),read,,,,1,0
394047,Bear v. Shark,Chris Bachelder,"Bachelder, Chris",,"=""0743219465""","=""9780743219464""",0,3.71,Scribner,Hardcover,256,2001,2001,,2017/02/12,forgot,forgot (#25),read,,,,1,0
68022,A Fisherman of the Inland Sea,Ursula K. Le Guin,"Guin, Ursula K. Le",,"=""0060763515""","=""9780060763510""",0,4.04,Harper Perennial,Paperback,207,2005,1994,,2017/02/11,forgot,forgot (#23),read,,,,1,0
70487,"Attack of the Deranged Mutant Killer Monster Snow Goons (Calvin and Hobbes, #7)",Bill Watterson,"Watterson, Bill",,"=""1417642165""","=""9781417642168""",5,4.67,Turtleback Books,Library Binding,128,1992,1992,,2017/02/12,,,read,,,,1,0
415807,"Phule's Paradise (Phule's Company, #2)",Robert Lynn Asprin,"Asprin, Robert Lynn",,"=""0441662536""","=""9780441662531""",0,3.94,Ace,Mass Market Paperback,256,1992,1992,,2017/02/11,forgot,forgot (#25),read,,,,1,0
76664,"A Spell for Chameleon (Xanth, #1)",Piers Anthony,"Anthony, Piers",,"=""034525855X""","=""9780345258557""",0,3.92,Del Rey,Mass Market Paperback,344,1977,1977,,2017/02/12,forgot,forgot (#24),read,,,,1,0
367367,"Myth Conceptions (Myth Adventures, #2)",Robert Lynn Asprin,"Asprin, Robert Lynn",,"=""0441013627""","=""9780441013623""",5,4.09,Ace Books,Paperback,201,2005,1980,,2017/02/11,forgot,forgot (#22),read,,,,1,0
1404120,Love Ain't Nothing But Sex Misspelled,Harlan Ellison,"Ellison, Harlan",,"=""0441495478""","=""9780441495474""",0,4.02,Ace,Mass Market Paperback,384,1983,1968,,2017/02/12,to-read,to-read (#76),to-read,,,,0,0
100933,"That Hideous Strength (The Space Trilogy, #3)",C.S. Lewis,"Lewis, C.S.",,"=""0007157177""","=""9780007157174""",0,3.93,HarperCollins Publishers,Paperback,534,2005,1945,,2017/02/12,forgot,forgot (#21),read,,,,1,0
100924,"Perelandra (The Space Trilogy, #2)",C.S. Lewis,"Lewis, C.S.",,"=""0007157169""","=""9780007157167""",0,4.02,Voyager,Paperback,314,2005,1943,,2017/02/12,forgot,forgot (#20),read,,,,1,0
25350,"Out of the Silent Planet (The Space Trilogy, #1)",C.S. Lewis,"Lewis, C.S.",,"=""0007157150""","=""9780007157150""",0,3.93,HarperCollins,Paperback,160,2005,1938,,2017/02/12,forgot,forgot (#19),read,,,,1,0
11138,Mere Christianity,C.S. Lewis,"Lewis, C.S.",,"=""0684823780""","=""9780684823782""",0,4.37,Touchstone Books,Paperback,191,1996,1952,,2017/02/12,forgot,forgot (#18),read,,,,1,0
35128,With Friends Like These...,Alan Dean Foster,"Foster, Alan Dean",,"=""0345323904""","=""9780345323903""",0,3.95,Del Rey,Mass Market Paperback,236,1984,1977,,2017/02/12,forgot,forgot (#17),read,,,,1,0
35179,Quozl,Alan Dean Foster,"Foster, Alan Dean",,"=""0727842773""","=""9780727842770""",0,3.63,Severn House,Hardcover,344,1991,1989,,2017/02/12,forgot,forgot (#16),read,,,,1,0
35137,"Into the Thinking Kingdoms (Journeys of the Catechist, #2)",Alan Dean Foster,"Foster, Alan Dean",,"=""0446914673""","=""9780446914673""",0,3.96,Twtp Assorted,Hardcover,,2000,1999,,2017/02/12,forgot,forgot (#15),read,,,,1,0
530725,"Carnivores of Light and Darkness (Journeys of the Catechist, #1)",Alan Dean Foster,"Foster, Alan Dean",,"=""0446606979""","=""9780446606974""",0,3.83,Aspect,Mass Market Paperback,368,1999,1998,,2017/02/12,forgot,forgot (#14),read,,,,1,0
883458,Glory Lane,Alan Dean Foster,"Foster, Alan Dean",,"=""0441516645""","=""9780441516643""",0,3.71,Ace,Mass Market Paperback,295,1987,1987,,2017/02/12,forgot,forgot (#13),read,,,,1,0
1810515,Al-Qadim: Arabian Adventures,Jeff Grub,"Grub, Jeff",Andria Hayday,"=""1560763582""","=""9781560763581""",0,3.65,TSR,Paperback,160,1992,1992,,2017/02/12,forgot,forgot (#12),read,,,,1,0
2767,A People’s History of the United States: 1492 - Present,Howard Zinn,"Zinn, Howard",,"=""0060838655""","=""9780060838652""",0,4.09,Harper Perennial,Paperback,729,1995,1980,2017/02/12,2017/02/11,did-not-finish,did-not-finish (#2),read,,,,2,0
18302455,"The Circle (The Circle, #1)",Dave Eggers,"Eggers, Dave",,"=""""","=""""",4,3.43,Knopf,Hardcover,493,2013,2013,,2017/02/11,,,read,,,,1,0
4953,A Heartbreaking Work of Staggering Genius,Dave Eggers,"Eggers, Dave",,"=""0375725784""","=""9780375725784""",0,3.69,Vintage,Paperback,530,2001,2000,,2017/02/11,forgot,forgot (#11),read,,,,1,0
21413662,What If?: Serious Scientific Answers to Absurd Hypothetical Questions,Randall Munroe,"Munroe, Randall",,"=""0544272994""","=""9780544272996""",4,4.14,Dey Street Books,Hardcover,303,2014,2014,,2017/02/11,,,read,,,,1,0
776391,What Mommies Do Best / What Daddies Do Best,Laura Joffe Numeroff,"Numeroff, Laura Joffe",Lynn Munsinger,"=""0689805772""","=""9780689805776""",3,4.04,Simon & Schuster Books for Young Readers,Hardcover,40,1998,1998,,2017/02/11,,,read,,,,1,0
11275,The Wind-Up Bird Chronicle,Haruki Murakami,"Murakami, Haruki",Jay Rubin,"=""0965341984""","=""9780965341981""",0,4.14,Knopf,Paperback,607,1997,1994,,2017/02/11,did-not-finish,did-not-finish (#1),read,,,,1,0
317482,"The Wizard and the War Machine (War Surplus, #2)",Lawrence Watt-Evans,"Watt-Evans, Lawrence",,"=""0345334590""","=""9780345334596""",0,3.59,Del Rey,Mass Market Paperback,291,1987,1987,,2017/02/11,forgot,forgot (#10),read,,,,2,0
116351,The Wizards of Odd,Peter Haining,"Haining, Peter",,"=""0441004873""","=""9780441004874""",0,3.73,Ace,Mass Market Paperback,368,1997,1997,,2017/02/11,forgot,forgot (#9),read,,,,1,0
410149,The Year's Best Science Fiction: Fourteenth Annual Collection,Gardner Dozois,"Dozois, Gardner",,"=""0312157029""","=""9780312157029""",0,4.05,St Martins Press,Hardcover,594,1997,1997,,2017/02/11,forgot,forgot (#8),read,,,,1,0
99984,The Year's Best Science Fiction: Nineteenth Annual Collection,Gardner Dozois,"Dozois, Gardner",,"=""0312288794""","=""9780312288792""",0,4.01,St. Martin's Griffin,Paperback,637,2002,2002,,2017/02/11,forgot,forgot (#7),read,,,,2,0
410148,The Year's Best Science Fiction: Fifteenth Annual Collection,Gardner Dozois,"Dozois, Gardner",,"=""0312187793""","=""9780312187798""",0,3.98,St Martins Press,Hardcover,623,1998,1998,,2017/02/11,forgot,forgot (#6),read,,,,2,0
1346279,The Year's Best Science Fiction: Eighth Annual Collection,Gardner Dozois,"Dozois, Gardner",,"=""0312060084""","=""9780312060084""",0,3.91,st.martin's press,Hardcover,624,1991,1991,,2017/02/11,forgot,forgot (#5),read,,,,2,0
98038,The Year's Best Science Fiction: Twentieth Annual Collection,Gardner Dozois,"Dozois, Gardner",,"=""0312308604""","=""9780312308605""",0,4.05,St. Martin's Griffin,Paperback,672,2003,2003,,2017/02/11,forgot,forgot (#4),read,,,,2,0
410147,The Year's Best Science Fiction: Third Annual Collection,Gardner Dozois,"Dozois, Gardner",,"=""031294487X""","=""9780312944872""",0,3.97,St Martin's Press,Paperback,624,1986,1986,,2017/02/11,forgot,forgot (#3),read,,,,2,0
98039,The Year's Best Science Fiction: Twelfth Annual Collection,Gardner Dozois,"Dozois, Gardner",,"=""0312132220""","=""9780312132224""",0,4.09,St Martins Press,Hardcover,697,1995,1995,,2017/02/11,forgot,forgot (#2),read,,,,2,0
745717,Wanderlust,Michael  Clinton,"Clinton, Michael",,"=""1576872246""","=""9781576872246""",0,4.75,Glitterati Incorporated,Hardcover,170,2006,2004,,2017/02/11,forgot,forgot (#1),read,,,,2,0
134825,The Cathedral & the Bazaar: Musings on Linux and Open Source by an Accidental Revolutionary,Eric S. Raymond,"Raymond, Eric S.",,"=""0596001088""","=""9780596001087""",0,3.83,O'Reilly Media,Paperback,241,2001,1999,,2017/02/11,to-read,to-read (#75),to-read,,,,0,0
35924,"The Lure of the Basilisk (The Lords of Dûs, #1)",Lawrence Watt-Evans,"Watt-Evans, Lawrence",,"=""1587155877""","=""9781587155871""",0,3.75,Wildside Press,Paperback,207,2024,1980,,2017/02/11,to-read,to-read (#74),to-read,,,,0,0
317474,"The Wizard Lord (The Annals of the Chosen, #1)",Lawrence Watt-Evans,"Watt-Evans, Lawrence",,"=""0765349019""","=""9780765349019""",4,3.59,Tor Fantasy,Mass Market Paperback,384,2007,2006,,2017/02/11,,,read,,,,1,0
390245,"The Spell of the Black Dagger (Ethshar, #6)",Lawrence Watt-Evans,"Watt-Evans, Lawrence",,"=""0345377125""","=""9780345377128""",0,3.97,Del Rey,Mass Market Paperback,312,1993,1993,,2017/02/11,to-read,to-read (#72),to-read,,,,2,0
13664797,"Tales of Ethshar (Ethshar, #11.5)",Lawrence Watt-Evans,"Watt-Evans, Lawrence",,"=""""","=""""",0,3.94,Wildside Press,Kindle Edition,224,2012,2012,,2017/02/11,to-read,to-read (#71),to-read,,,,0,0
23964234,"Relics of War (Ethshar, #13)",Lawrence Watt-Evans,"Watt-Evans, Lawrence",,"=""1479404659""","=""9781479404650""",0,4.01,Wildside Press,Kindle Edition,260,2014,2014,,2017/02/11,to-read,to-read (#70),to-read,,,,0,0
17684897,"The Sorcerer's Widow (Ethshar, #12)",Lawrence Watt-Evans,"Watt-Evans, Lawrence",,"=""143444175X""","=""9781434441751""",0,3.80,Wildside Press,Paperback,160,2013,2013,,2017/02/11,to-read,to-read (#69),to-read,,,,0,0
13421403,"The Unwelcome Warlock (Ethshar, #11)",Lawrence Watt-Evans,"Watt-Evans, Lawrence",,"=""1434449955""","=""9781434449955""",0,4.14,Wildside Press,Kindle Edition,330,2012,2011,,2017/02/11,to-read,to-read (#68),to-read,,,,0,0
6004975,"The Vondish Ambassador (Ethshar, #10)",Lawrence Watt-Evans,"Watt-Evans, Lawrence",,"=""1434477622""","=""9781434477620""",0,4.01,Wildside Press,Hardcover,232,2024,2007,,2017/02/11,to-read,to-read (#67),to-read,,,,0,0
247912,"The Spriggan Mirror (Ethshar, #9)",Lawrence Watt-Evans,"Watt-Evans, Lawrence",,"=""0809556723""","=""9780809556724""",5,3.92,Wildside Press,Paperback,248,2007,2006,,2017/02/11,,,read,,,,2,0
317485,"Ithanalin's Restoration (Ethshar, #8)",Lawrence Watt-Evans,"Watt-Evans, Lawrence",,"=""0765340550""","=""9780765340559""",0,3.78,Tor Books,Mass Market Paperback,264,2003,2002,,2017/02/11,to-read,to-read (#66),to-read,,,,0,0
317489,"Night of Madness (Ethshar, #7)",Lawrence Watt-Evans,"Watt-Evans, Lawrence",,"=""0812577949""","=""9780812577945""",5,3.86,Tor Fantasy,Mass Market Paperback,384,2002,2000,,2017/02/11,,,read,,,,1,0
317487,"Taking Flight (Ethshar, #5)",Lawrence Watt-Evans,"Watt-Evans, Lawrence",,"=""1587152886""","=""9781587152887""",5,3.52,Wildside Press,Paperback,220,2018,1993,,2017/02/11,,,read,,,,2,0
304953,"The Blood of a Dragon (Ethshar, #4)",Lawrence Watt-Evans,"Watt-Evans, Lawrence",,"=""1587153572""","=""9781587153570""",5,3.77,Wildside Press,Paperback,236,2003,1991,,2017/02/11,,,read,,,,1,0
422225,"The Unwilling Warlord (Ethshar, #3)",Lawrence Watt-Evans,"Watt-Evans, Lawrence",,"=""158715286X""","=""9781587152863""",5,3.98,Wildside Press,Paperback,248,2003,1989,,2017/02/11,,,read,,,,2,0
320216,"With a Single Spell (Ethshar, #2)",Lawrence Watt-Evans,"Watt-Evans, Lawrence",,"=""""","=""""",5,4.05,Wildside Press,Paperback,206,2003,1987,,2017/02/11,,,read,,,,2,0
317497,"The Misenchanted Sword (Ethshar, #1)",Lawrence Watt-Evans,"Watt-Evans, Lawrence",,"=""1587152827""","=""9781587152825""",5,4.03,Wildside Press,Paperback,228,2003,1985,,2017/02/11,,,read,,,,2,0
61886,"The Curse of Chalion (World of the Five Gods, #1)",Lois McMaster Bujold,"Bujold, Lois McMaster",,"=""0007133618""","=""9780007133611""",0,4.18,Voyager,Paperback,490,2003,2001,,2017/02/11,to-read,to-read (#65),to-read,,,,0,0
28483,"The Seventh Gate (The Death Gate Cycle, #7)",Margaret Weis,"Weis, Margaret",Tracy Hickman,"=""055357325X""","=""9780553573251""",5,4.13,Spectra,Paperback,317,1995,1994,,2017/02/11,,,read,,,,1,0
28484,"Into the Labyrinth (The Death Gate Cycle, #6)",Margaret Weis,"Weis, Margaret",Tracy Hickman,"=""0553567713""","=""9780553567717""",5,4.13,Spectra,Mass Market Paperback,441,1994,1993,,2017/02/11,,,read,,,,1,0
28482,"The Hand of Chaos (The Death Gate Cycle, #5)",Margaret Weis,"Weis, Margaret",Tracy Hickman,"=""0553563696""","=""9780553563696""",5,4.08,Spectra,Mass Market Paperback,464,1993,1993,,2017/02/11,,,read,,,,1,0
28507,"Serpent Mage (The Death Gate Cycle, #4)",Margaret Weis,"Weis, Margaret",Tracy Hickman,"=""0553561405""","=""9780553561401""",5,4.10,Spectra,Mass Market Paperback,414,1993,1992,,2017/02/11,,,read,,,,1,0
1307,"Fire Sea (The Death Gate Cycle, #3)",Margaret Weis,"Weis, Margaret",Tracy Hickman,"=""0553295411""","=""9780553295412""",5,4.09,Spectra,Mass Market Paperback,410,1992,1991,,2017/02/11,,,read,,,,2,0
28485,"Elven Star (The Death Gate Cycle, #2)",Margaret Weis,"Weis, Margaret",Tracy Hickman,"=""0553290983""","=""9780553290981""",5,4.00,Spectra,Mass Market Paperback,367,1991,1990,,2017/02/11,,,read,,,,2,0
28481,"Dragon Wing (The Death Gate Cycle, #1)",Margaret Weis,"Weis, Margaret",Tracy Hickman,"=""0553286390""","=""9780553286397""",5,3.97,Spectra,Mass Market Paperback,430,1990,1990,,2017/02/11,,,read,,,,1,0
1668909,Will the Last Person To Leave the Planet Please Shut Off the Sun?,Mike Resnick,"Resnick, Mike",,"=""0312890109""","=""9780312890100""",0,3.76,Orb Books,Paperback,373,1994,1992,,2017/02/11,to-read,to-read (#64),to-read,,,,0,0
830,Snow Crash,Neal Stephenson,"Stephenson, Neal",,"=""0553380958""","=""9780553380958""",0,4.01,Bantam Books,Paperback,438,2000,1992,,2017/02/11,to-read,to-read (#63),to-read,,,,0,0
827,"The Diamond Age: Or, a Young Lady's Illustrated Primer",Neal Stephenson,"Stephenson, Neal",,"=""0553380966""","=""9780553380965""",0,4.16,Spectra,Paperback,499,2000,1995,,2017/02/11,to-read,to-read (#62),to-read,,,,0,0
12067,"Good Omens: The Nice and Accurate Prophecies of Agnes Nutter, Witch",Terry Pratchett,"Pratchett, Terry",Neil Gaiman,"=""""","=""""",0,4.25,William Morrow Paperbacks,Mass Market Paperback,491,2006,1990,,2017/02/11,,,read,,,,1,0
2337716,"Journey to the Edge of Time: A Dairy Recorded by Jason Skysmith, Chromec Class of 2339",Oleg Kush,"Kush, Oleg",Vladimir Kush,"=""0976529815""","=""9780976529811""",2,3.86,Kush Fine Art,Hardcover,106,2005,2005,,2017/02/11,,,read,,,,1,0
14817,A Scanner Darkly,Philip K. Dick,"Dick, Philip K.",,"=""057507681X""","=""9780575076815""",0,4.03,Gollancz,Paperback,217,2006,1977,,2017/02/11,to-read,to-read (#61),to-read,,,,0,0
850416,Halsman at Work,Yvonne Halsman,"Halsman, Yvonne",,"=""0810924366""","=""9780810924369""",5,4.62,Harry N Abrams Inc,Paperback,,1989,1989,,2017/02/11,,,read,,,,1,0
64401,"Another Fine Myth (Myth Adventures, #1)",Robert Lynn Asprin,"Asprin, Robert Lynn",,"=""0441013465""","=""9780441013463""",5,4.04,Ace,Mass Market Paperback,208,2005,1978,,2017/02/11,,,read,,,,1,0
221934,Illustrated Guide to Astronomical Wonders: From Novice to Master Observer (DIY Science),Robert Bruce Thompson,"Thompson, Robert Bruce",Barbara Fritchman Thompson,"=""0596526857""","=""9780596526856""",0,4.15,"Make Community, LLC",Paperback,519,2007,2007,,2017/02/11,,,read,,,,1,0
355,Job: A Comedy of Justice,Robert A. Heinlein,"Heinlein, Robert A.",,"=""0345316509""","=""9780345316509""",0,3.78,Random House Inc,Mass Market Paperback,440,1985,1984,,2017/02/11,to-read,to-read (#60),to-read,,,,0,0
50843,Red Planet,Robert A. Heinlein,"Heinlein, Robert A.",,"=""0345493184""","=""9780345493187""",0,3.83,Del Rey Books,Paperback,256,2006,1949,,2017/02/11,,,read,,,,1,0
350,Stranger in a Strange Land,Robert A. Heinlein,"Heinlein, Robert A.",James Warhola,"=""""","=""""",4,3.92,Ace,Paperback,525,1991,1961,,2017/02/11,,,read,,,,1,0
178789,"China, Inc.: How the Rise of the Next Superpower Challenges America and the World",Ted C. Fishman,"Fishman, Ted C.",,"=""0743257359""","=""9780743257350""",0,3.48,Scribner,Paperback,368,2006,2005,,2017/02/11,to-read,to-read (#59),to-read,,,,0,0
623922,How to Be Idle,Tom Hodgkinson,"Hodgkinson, Tom",,"=""0060779691""","=""9780060779696""",0,3.75,Harper Perennial,Paperback,286,2007,2004,,2017/02/11,to-read,to-read (#58),to-read,,,,0,0
68021,"The Birthday of the World and Other Stories (Hainish Cycle, #9)",Ursula K. Le Guin,"Guin, Ursula K. Le",,"=""0060509066""","=""9780060509064""",0,4.33,Harper Perennial,Paperback,362,2003,2002,,2017/02/11,to-read,to-read (#57),to-read,,,,0,0
59924,The Lathe of Heaven,Ursula K. Le Guin,"Guin, Ursula K. Le",,"=""0060512741""","=""9780060512743""",0,4.13,Harper Perennial Modern Classics,Paperback,176,2003,1971,,2017/02/11,to-read,to-read (#56),to-read,,,,0,0
77711,"A Fire Upon the Deep (Zones of Thought, #1)",Vernor Vinge,"Vinge, Vernor",,"=""0812515285""","=""9780812515282""",5,4.13,Tor Science Fiction,Mass Market Paperback,613,1993,1992,,2017/02/11,,,read,,,,1,0
22551901,Four Futures: Life After Capitalism,Peter Frase,"Frase, Peter",,"=""1781688133""","=""9781781688137""",0,3.77,Verso,Paperback,150,2016,2015,,2017/02/11,to-read,to-read (#55),to-read,,,,0,0
4982,The Sirens of Titan,Kurt Vonnegut Jr.,"Jr., Kurt Vonnegut",Chris     Moore,"=""""","=""""",0,4.15,Gollancz,Paperback,224,1999,1959,,2017/02/11,to-read,to-read (#54),to-read,,,,0,0
16054793,The Gigantic Beard that Was Evil,Stephen    Collins,"Collins, Stephen",,"=""0224096281""","=""9780224096287""",0,4.03,Jonathan Cape,Hardcover,240,2013,2013,,2017/02/11,to-read,to-read (#53),to-read,,,,0,0
100369,"Inferno (Inferno, #1)",Larry Niven,"Niven, Larry",Jerry Pournelle,"=""0671826581""","=""9780671826581""",0,3.82,Pocket,Mass Market Paperback,237,1978,1975,,2017/02/11,to-read,to-read (#52),to-read,,,,0,0
13584689,"Watch Your Tongue, Cecily Beasley",Lane Fredrickson,"Fredrickson, Lane",Jon  Davis,"=""1402770898""","=""9781402770890""",5,3.84,Union Square Kids,Hardcover,32,2012,2012,,2017/02/11,,,read,"Lane could have a career in hip hop with the way her prose rhymes and flows! I stumble when reading many children's book because they're written so awkwardly, but this book was amazing!",,,1,0
899513,The Gruffalo's Child,Julia Donaldson,"Donaldson, Julia",Axel Scheffler,"=""1405020458""","=""9781405020459""",4,4.33,Pan Childrens,Hardcover,32,2004,2004,,2017/02/11,,,read,,,,2,0
41804,"I, Robot (Robot, #0.1)",Isaac Asimov,"Asimov, Isaac",,"=""0553803700""","=""9780553803709""",5,4.21,Bantam Books,Hardcover,224,2004,1950,,2017/02/11,,,read,,,,1,0
41810,"The Robots of Dawn (Robot, #3)",Isaac Asimov,"Asimov, Isaac",,"=""0553299492""","=""9780553299496""",0,4.20,Spectra,Mass Market Paperback,435,1994,1983,,2017/02/11,,,read,,,,1,0
30016,"The Naked Sun (Robot, #2)",Isaac Asimov,"Asimov, Isaac",Chris     Moore,"=""""","=""""",0,4.20,HarperCollins Publishers,Mass Market Paperback,204,1993,1958,,2017/02/11,,,read,,,,1,0
41811,"The Caves of Steel (Robot, #1)",Isaac Asimov,"Asimov, Isaac",,"=""""","=""""",0,4.19,Voyager,Mass Market Paperback,206,1997,1953,,2017/02/11,,,read,,,,2,0
22517,Global Brain: The Evolution of Mass Mind from the Big Bang to the 21st Century,Howard Bloom,"Bloom, Howard",,"=""0471419192""","=""9780471419198""",0,3.98,Trade Paper Press,Paperback,320,2001,1999,,2017/02/11,to-read,to-read (#51),to-read,,,,0,0
10374,Hard-Boiled Wonderland and the End of the World,Haruki Murakami,"Murakami, Haruki",Alfred Birnbaum,"=""""","=""""",0,4.11,Vintage,Paperback,400,2003,1985,,2017/02/11,to-read,to-read (#50),to-read,,,,0,0
1068738,Edgeworks: The Collected Ellison,Harlan Ellison,"Ellison, Harlan",,"=""1565049659""","=""9781565049659""",0,4.62,"White Wolf Publishing,U.S.",Hardcover,399,1998,1999,,2017/02/11,to-read,to-read (#49),to-read,,,,0,0
349090,"Infinity Welcomes Careful Drivers (Red Dwarf, #1)",Grant Naylor,"Naylor, Grant",,"=""0451452011""","=""9780451452016""",0,4.08,Roc,Mass Market Paperback,298,1992,1989,,2017/02/11,to-read,to-read (#48),to-read,,,,0,0
73051,Better than Life (Red Dwarf #2),Grant Naylor,"Naylor, Grant",,"=""0451452313""","=""9780451452313""",0,4.09,Roc,Mass Market Paperback,302,1993,1990,,2017/02/11,,,read,,,,1,0
17688,"The Metamorphosis, In the Penal Colony, and Other Stories: The Great Short Works of Franz Kafka",Franz Kafka,"Kafka, Franz","Anne Rice, Joachim Neugroschel, Willa Muir, Edwin Muir","=""0684800705""","=""9780684800707""",0,4.09,Scribner,Paperback,352,2000,1915,,2017/02/11,to-read,to-read (#47),to-read,,,,0,0
895055,The Practical Nomad: How to Travel Around the World,Edward Hasbrouck,"Hasbrouck, Edward",,"=""1566914337""","=""9781566914338""",0,3.65,Rick Steves,Paperback,650,2004,1997,,2017/02/11,to-read,to-read (#46),to-read,,,,0,0
47558,"The Gashlycrumb Tinies (The Vinegar Works, #1)",Edward Gorey,"Gorey, Edward",,"=""0747541604""","=""9780747541608""",0,4.08,Bloomsbury ,Hardcover,64,1998,1963,,2017/02/11,to-read,to-read (#45),to-read,,,,0,0
47559,"Amphigorey (Amphigorey, #1)",Edward Gorey,"Gorey, Edward",,"=""0399504338""","=""9780399504334""",0,4.06,G.P. Putnam's Sons,Paperback,220,1980,1972,,2017/02/11,to-read,to-read (#44),to-read,,,,0,0
569429,"Mostly Harmless (Hitchhiker's Guide to the Galaxy, #5)",Douglas Adams,"Adams, Douglas",,"=""0345379330""","=""9780345379337""",5,3.96,Random House Worlds,Paperback,288,1993,1992,,2017/02/11,,,read,,,,1,0
6091075,"So Long, and Thanks for All the Fish (The Hitchhiker's Guide to the Galaxy, #4)",Douglas Adams,"Adams, Douglas",,"=""0307497909""","=""9780307497901""",5,4.08,Del Rey,Kindle Edition,225,2008,1984,,2017/02/11,,,read,,,,1,0
8694,"Life, the Universe and Everything (The Hitchhiker's Guide to the Galaxy, #3)",Douglas Adams,"Adams, Douglas",,"=""0345418905""","=""9780345418906""",5,4.16,Random House Worlds,Paperback,224,1997,1982,,2017/02/11,,,read,,,,1,0
8695,"The Restaurant at the End of the Universe (The Hitchhiker's Guide to the Galaxy, #2)",Douglas Adams,"Adams, Douglas",,"=""""","=""""",5,4.20,Del Rey,Paperback,250,2005,1980,,2017/02/11,,,read,,,,2,0
386162,"The Hitchhiker’s Guide to the Galaxy (The Hitchhiker's Guide to the Galaxy, #1)",Douglas Adams,"Adams, Douglas",,"=""""","=""""",5,4.22,Del Rey,Paperback,193,2007,1979,,2017/02/11,,,read,,,,1,0
287090,Robota,Doug Chiang,"Chiang, Doug",Orson Scott Card,"=""0811840417""","=""9780811840415""",2,3.66,Chronicle Books,Hardcover,176,2003,2003,,2017/02/11,,,read,,,,2,0
191170,"Giggle, Giggle, Quack",Doreen Cronin,"Cronin, Doreen",Betsy Lewin,"=""0743490096""","=""9780743490092""",4,4.21,Simon & Schuster Children's Publishing,Paperback,32,2004,2002,,2017/02/11,,,read,,,,1,0
20501606,"Futuristic Violence and Fancy Suits (Zoey Ashe, #1)",David  Wong,"Wong, David",Jason Pargin,"=""1250040191""","=""9781250040190""",0,3.98,Thomas Dunne Books,Hardcover,384,2015,2015,,2017/02/11,to-read,to-read (#43),to-read,,,,0,0
15808659,Kill Decision,Daniel Suarez,"Suarez, Daniel",,"=""0451417704""","=""9780451417701""",4,3.98,Dutton,Mass Market Paperback,512,2013,2012,,2017/02/11,,,read,,,,1,0
31396262,Change Agent,Daniel Suarez,"Suarez, Daniel",,"=""110198466X""","=""9781101984666""",0,3.98,E P Dutton,Hardcover,398,2017,2017,,2017/02/11,to-read,to-read (#42),to-read,,,,0,0
8488830,"Freedom™ (Daemon, #2)",Daniel Suarez,"Suarez, Daniel",,"=""0451231899""","=""9780451231895""",5,4.26,Dutton,Mass Market Paperback,486,2011,2010,,2017/02/11,,,read,,,,2,0
204097,The Dangerous Book for Boys,Conn Iggulden,"Iggulden, Conn",Hal Iggulden,"=""0061243582""","=""9780061243585""",0,4.03,HarperCollins,Hardcover,270,2007,2006,,2017/02/11,to-read,to-read (#41),to-read,,,,0,0
4421226,Cheryl Dunn: Some Kinda Vocation,Cheryl Dunn,"Dunn, Cheryl",,"=""0978972228""","=""9780978972226""",3,3.00,PictureBox,Hardcover,80,2007,2007,,2017/02/11,,,read,,,,2,0
77730,"Weirdos from Another Planet! (Calvin and Hobbes, #4)",Bill Watterson,"Watterson, Bill",,"=""0836218620""","=""9780439137492""",5,4.65,Andrews and McMeel Publishing,Paperback,128,1990,1990,,2017/02/11,,,read,,,,1,0
59715,The Authoritative Calvin and Hobbes: A Calvin and Hobbes Treasury,Bill Watterson,"Watterson, Bill",,"=""0751507954""","=""9780751507959""",5,4.70,Sphere,Paperback,254,1990,1990,,2017/02/11,,,read,,,,2,0
43070,The Essential Calvin and Hobbes: A Calvin and Hobbes Treasury,Bill Watterson,"Watterson, Bill",Charles M. Schulz,"=""0836218051""","=""9780836218053""",5,4.65,Andrews McMeel Publishing,Paperback,256,1988,1988,,2017/02/11,,,read,,,,1,0
9777,The God of Small Things,Arundhati Roy,"Roy, Arundhati",,"=""0679457313""","=""9780679457312""",0,3.96,Random House,Paperback,321,1997,1997,,2017/02/11,,,read,,,,2,0
172468,Maui Revealed: The Ultimate Guidebook,Andrew Doughty,"Doughty, Andrew",,"=""0971727937""","=""9780971727939""",5,4.49,Wizard Pubns,Paperback,311,2005,2000,,2017/02/11,,,read,,,,1,0
764732,Worlds to Explore: Classic Tales of Travel and Adventure from National Geographic,Mark Jenkins,"Jenkins, Mark",,"=""0792254872""","=""9780792254874""",5,3.90,National Geographic,Hardcover,464,2006,2006,,2017/02/11,,,read,,,,2,0
28251250,White Noise,Don DeLillo,"DeLillo, Don",,"=""0143129554""","=""9780143129554""",0,3.86,Penguin Classics,Paperback,320,2016,1985,,2017/02/11,to-read,to-read (#40),to-read,,,,0,0
16902,"Walden or, Life in the Woods",Henry David Thoreau,"Thoreau, Henry David",Bill McKibben,"=""""","=""""",0,3.77,Princeton University Press,Paperback,352,2004,1854,,2017/02/11,to-read,to-read (#39),to-read,Didn't finish it. He seemed rather pretentious and judgmental. Perhaps I'll try again later.,,,1,0
17401136,"Vurt (Vurt, #1)",Jeff Noon,"Noon, Jeff",Lauren Beukes,"=""0230768806""","=""9780230768802""",0,4.04,Tor,Hardcover,368,2013,1993,,2017/02/11,to-read,to-read (#38),to-read,,,,0,0
12007,"Use of Weapons (Culture, #3)",Iain M. Banks,"Banks, Iain M.",,"=""185723135X""","=""9781857231359""",0,4.16,Orbit Books,Paperback,411,1992,1990,,2017/02/11,to-read,to-read (#37),to-read,,,,0,0
176181,The Tenacity of the Cockroach: Conversations with Entertainment's Most Enduring Outsiders,Stephen Thompson,"Thompson, Stephen","Nathan Rabin, A.V. Club","=""0609809911""","=""9780609809914""",0,3.93,Three Rivers Press,Paperback,407,2002,2002,,2017/02/11,to-read,to-read (#35),to-read,,,,0,0
317496,"The Sword of Bheleu (The Lords of Dûs, #3)",Lawrence Watt-Evans,"Watt-Evans, Lawrence",,"=""1587156253""","=""9781587156250""",3,3.78,Borgo Press,Paperback,288,2002,1982,,2017/02/11,,,read,,,,1,0
49552,The Stranger,Albert Camus,"Camus, Albert",Matthew  Ward,"=""""","=""""",0,4.03,Vintage International,Paperback,123,1989,1942,,2017/02/11,to-read,to-read (#34),to-read,,,,0,0
17214,Starship Troopers,Robert A. Heinlein,"Heinlein, Robert A.",,"=""""","=""""",4,4.01,Ace Books,Mass Market Paperback,264,1987,1959,,2017/02/11,,,read,,,,2,0
503490,Solipsist,Henry Rollins,"Rollins, Henry",,"=""1880985594""","=""9781880985595""",5,3.97,2.13.61,Paperback,166,1998,1998,,2017/02/11,,,read,,,,1,0
22816087,Seveneves,Neal Stephenson,"Stephenson, Neal",,"=""""","=""""",4,4.00,William Morrow,Kindle Edition,872,2015,2015,,2017/02/11,,,read,The part where he skips 5000 years or whatever is kind of annoying.,true,,1,0
24611668,Saturn Run,John Sandford,"Sandford, John",Ctein,"=""0399176950""","=""9780399176951""",3,3.92,G.P. Putnam's Sons,Hardcover,486,2015,2015,,2017/02/11,,,read,,,,1,0
69571,"Rich Dad, Poor Dad",Robert T. Kiyosaki,"Kiyosaki, Robert T.",,"=""0751532711""","=""9780751532715""",0,4.09,Time Warner Books UK,Paperback,195,2001,1997,,2017/02/11,to-read,to-read (#33),to-read,,,,0,0
654160,Red Meat: A Collection of Red Meat Cartoons From the Secret Files of Max Cannon,Max Cannon,"Cannon, Max",Bill Griffith,"=""031218302X""","=""9780312183028""",5,4.34,St. Martin's Griffin,Paperback,110,1998,1996,,2017/02/11,,,read,,,,2,0
102439,Rainbows End,Vernor Vinge,"Vinge, Vernor",,"=""0812536363""","=""9780812536362""",0,3.77,Tor Science Fiction,Mass Market Paperback,381,2007,2006,,2017/02/11,to-read,to-read (#32),to-read,,,,0,0
10639,The Paradox of Choice: Why More Is Less,Barry Schwartz,"Schwartz, Barry",,"=""0060005696""","=""9780060005696""",0,3.83,Harper Perennial,Paperback,265,2005,2004,,2017/02/11,to-read,to-read (#31),to-read,,,,0,0
7805,Pale Fire,Vladimir Nabokov,"Nabokov, Vladimir",,"=""""","=""""",0,4.17,Penguin Books Ltd,Paperback,246,2000,1962,,2017/02/11,to-read,to-read (#30),to-read,,,,0,0
445654,"Operation Chaos (Operation Otherworld, #1)",Poul Anderson,"Anderson, Poul",,"=""0312872429""","=""9780312872427""",0,3.80,Orb Books,Paperback,256,1999,1971,,2017/02/11,to-read,to-read (#29),to-read,,,,0,0
920395,Only Forward,Michael Marshall Smith,"Smith, Michael Marshall",,"=""0006512666""","=""9780006512660""",0,4.22,HarperCollins Publishers,Paperback,310,1998,1994,,2017/02/11,to-read,to-read (#28),to-read,,,,0,0
93251,The October Country,Ray Bradbury,"Bradbury, Ray",Joe Mugnaini,"=""0380973871""","=""9780380973873""",4,4.10,William Morrow,Hardcover,334,1999,1955,,2017/02/11,,,read,,,,2,0
583441,Oath of Fealty,Larry Niven,"Niven, Larry",Jerry Pournelle,"=""0671532278""","=""9780671532277""",0,3.73,Pocket,Mass Market Paperback,324,1982,1981,,2017/02/11,to-read,to-read (#27),to-read,,,,0,0
17022,"My Ishmael (Ishmael, #3)",Daniel Quinn,"Quinn, Daniel",,"=""0553379658""","=""9780553379655""",0,4.11,Bantam Books,Paperback,293,1998,1997,,2017/02/11,to-read,to-read (#26),to-read,,,,0,0
100365,"The Mote in God's Eye (Moties, #1)",Larry Niven,"Niven, Larry",Jerry Pournelle,"=""156865054X""","=""9781568650548""",0,4.07,Spectrum Literary Agency,ebook,596,2011,1974,,2017/02/11,to-read,to-read (#25),to-read,,,,0,0
25816801,Medusa's Web,Tim Powers,"Powers, Tim",,"=""0062262459""","=""9780062262455""",0,3.57,William Morrow,Hardcover,368,2016,2016,,2017/02/11,to-read,to-read (#24),to-read,,,,0,0
84369,"The Last Battle (Chronicles of Narnia, #7)",C.S. Lewis,"Lewis, C.S.",,"=""0007202326""","=""9780007202324""",5,4.01,HarperCollins Publishers,Paperback,288,2005,1956,,2017/02/11,,,read,,,,1,0
65605,The Magician’s Nephew,C.S. Lewis,"Lewis, C.S.",,"=""0060764902""","=""9780060764906""",5,4.05,HarperCollins Narnia,Mass Market Paperback,221,2005,1955,,2017/02/11,,,read,,,,1,0
84119,"The Horse and His Boy (Chronicles of Narnia, #5)",C.S. Lewis,"Lewis, C.S.",,"=""0439861365""","=""9780439861366""",5,3.91,Scholastic Inc,Paperback,224,1995,1954,,2017/02/11,,,read,,,,1,0
65641,"The Silver Chair (Chronicles of Narnia, #5)",C.S. Lewis,"Lewis, C.S.",Pauline Baynes,"=""""","=""""",5,3.96,HarperCollins,Paperback,243,2008,1953,,2017/02/11,,,read,,,,1,0
140225,"The Voyage of the Dawn Treader (Chronicles of Narnia, #4)",C.S. Lewis,"Lewis, C.S.",Pauline Baynes,"=""006112527X""","=""9780061125270""",5,4.09,HarperCollins,Hardcover,248,2006,1952,,2017/02/11,,,read,,,,1,0
121749,"Prince Caspian (Chronicles of Narnia, #3)",C.S. Lewis,"Lewis, C.S.",,"=""000720230X""","=""9780007202300""",5,3.98,HarperCollins Publishers,Hardcover,240,2005,1951,,2017/02/11,,,read,,,,1,0
218467,Lucifer's Hammer,Larry Niven,"Niven, Larry",Jerry Pournelle,"=""0449208133""","=""9780449208137""",5,4.00,Ballantine/Del Ray,Mass Market Paperback,629,1983,1977,,2017/02/11,,,read,,,,1,0
17262290,Journey (Journey Trilogy #1),Aaron Becker,"Becker, Aaron",,"=""0763660531""","=""9780763660536""",4,4.38,Candlewick Press,Hardcover,40,2013,2013,,2017/02/11,,,read,,,,2,0
71728,Jonathan Livingston Seagull,Richard Bach,"Bach, Richard",Russell Munson,"=""0743278909""","=""9780743278904""",0,3.86,Scribner,Paperback,112,2006,1970,,2017/02/11,to-read,to-read (#23),to-read,,,,0,0
22668803,Influx,Daniel Suarez,"Suarez, Daniel",,"=""0451469445""","=""9780451469441""",3,3.94,Dutton,Mass Market Paperback,528,2015,2014,,2017/02/11,,,read,,,,1,0
1404072,"In the Empire of Shadow (Three Worlds, #2)",Lawrence Watt-Evans,"Watt-Evans, Lawrence",,"=""034539786X""","=""9780345397867""",0,3.40,Del Rey,Mass Market Paperback,274,1995,1995,,2017/02/11,to-read,to-read (#22),to-read,,,,0,0
767680,If You Give a Mouse a Cookie (If You Give...),Laura Joffe Numeroff,"Numeroff, Laura Joffe",Felicia Bond,"=""""","=""9780060245863""",3,4.30,Harper Collins Publishers,Paperback,40,1996,1985,,2015/07/02,,,read,,,,2,0
77566,"Hyperion (Hyperion Cantos, #1)",Dan Simmons,"Simmons, Dan",,"=""0553283685""","=""9780553283686""",0,4.27,Bantam Doubleday Dell Publishing Group,Mass Market Paperback,500,1990,1989,,2017/02/11,to-read,to-read (#21),to-read,,,,0,0
56829,Hackers: Heroes of the Computer Revolution,Steven Levy,"Levy, Steven",,"=""0141000511""","=""9780141000510""",0,4.16,Penguin Books,Paperback,464,2001,1984,,2017/02/11,to-read,to-read (#20),to-read,,,,0,0
1013383,"The Gruffalo (Gruffalo, #1)",Julia Donaldson,"Donaldson, Julia",Axel Scheffler,"=""0333710932""","=""9780333710937""",4,4.46,Macmillan Pub Ltd,Paperback,32,2001,1999,,2017/02/11,,,read,,,,1,0
50856,Glory Road,Robert A. Heinlein,"Heinlein, Robert A.",,"=""0765312220""","=""9780765312228""",0,3.79,Orb Books,Paperback,320,2006,1963,,2017/02/11,to-read,to-read (#19),to-read,,,,0,0
9593,Galápagos,Kurt Vonnegut Jr.,"Jr., Kurt Vonnegut",,"=""0385333870""","=""9780385333870""",0,3.87,Dial Press Trade Paperback,Paperback,324,1999,1985,,2017/02/11,to-read,to-read (#18),to-read,,,,0,0
17993169,Freak of Nurture,Kelli  Dunham,"Dunham, Kelli",,"=""0983242283""","=""9780983242284""",3,4.04,Topside Press,Hardcover,202,2013,2013,,2017/02/11,,,read,,,,2,0
116356,Footfall,Larry Niven,"Niven, Larry",Jerry Pournelle,"=""0345418425""","=""9780345418425""",0,3.92,Del Rey,Paperback,524,1997,1985,,2017/02/11,to-read,to-read (#17),to-read,,,,0,0
50840,Farnham's Freehold,Robert A. Heinlein,"Heinlein, Robert A.",,"=""1416520937""","=""9781416520931""",0,3.59,Baen Books,Paperback,304,2006,1964,,2017/02/11,to-read,to-read (#16),to-read,,,,0,0
296805,Novel Ideas Classic: Fahrenheit 451 Ray Bradbury,Mark Angney,"Angney, Mark",,"=""0940146169""","=""9780940146167""",5,3.94,Sundance,Paperback,56,1998,1998,,2017/02/11,,,read,,,,2,0
458604,The Essential Ellison,Harlan Ellison,"Ellison, Harlan",,"=""0962344737""","=""9780962344732""",5,4.45,Morpheus Intl,Hardcover,1019,1991,1974,,2017/02/11,,,read,,,,1,0
83978,Earth from Above,Yann Arthus-Bertrand,"Arthus-Bertrand, Yann","Jean-Robert Pitte, Lester R. Brown, Hervé Le Bras","=""081095947X""","=""9780810959477""",5,4.38,"""Harry N. Abrams, Inc.""",Hardcover,524,2005,1999,,2017/02/11,,,read,,,,2,0
498139,"Dragon Weather (Obsidian Chronicles, #1)",Lawrence Watt-Evans,"Watt-Evans, Lawrence",,"=""0812589556""","=""9780812589559""",0,4.02,Tor Fantasy,Mass Market Paperback,560,2000,1999,,2017/02/11,to-read,to-read (#15),to-read,,,,0,0
8705,Two Complete Novels: Dirk Gently's Holistic Detective Agency / The Long Dark Tea-Time of the Soul (Dirk Gently #1-2),Douglas Adams,"Adams, Douglas",,"=""0517119129""","=""9780517119129""",0,4.19,Wings Books,Hardcover,436,1994,1987,,2017/02/11,to-read,to-read (#14),to-read,,,,0,0
23168784,Dark Orbit,Carolyn Ives Gilman,"Gilman, Carolyn Ives",,"=""0765336294""","=""9780765336293""",5,3.70,Tor Books (Macmillan),Hardcover,303,2015,2015,,2017/02/11,,,read,,,,1,0
766955,"Click, Clack, Moo: Cows That Type",Doreen Cronin,"Cronin, Doreen",Betsy Lewin,"=""0689832133""","=""9780689832130""",5,4.28,Simon & Schuster Books for Young Readers,Hardcover,32,2000,1999,,2017/02/11,,,read,Cows can't type. This book is silly.,,,1,0
10170545,"The Children of the Sky (Zones of Thought, #3)",Vernor Vinge,"Vinge, Vernor",,"=""0312875622""","=""9780312875626""",0,3.69,Tor,Hardcover,444,2011,2011,,2017/02/11,to-read,to-read (#13),to-read,,,,0,0
19350628,The Catcher in the Rye and JD Salinger,Andrew Hastings,"Hastings, Andrew",,"=""""","=""""",0,3.77,,Kindle Edition,29,2013,2013,,2017/02/11,to-read,to-read (#12),to-read,,,,1,0
2094,A Briefer History of Time,Stephen W. Hawking,"Hawking, Stephen W.",Leonard Mlodinow,"=""0553804367""","=""9780553804362""",0,4.26,Bantam,Hardcover,176,2005,2005,,2017/02/11,to-read,to-read (#11),to-read,,,,0,0
20819685,The Bone Clocks,David  Mitchell,"Mitchell, David",,"=""1400065674""","=""9781400065677""",5,3.85,Random House,Hardcover,624,2014,2014,,2017/02/11,,,read,,,,2,0
94754,Beyond Civilization: Humanity's Next Great Adventure,Daniel Quinn,"Quinn, Daniel",,"=""0609805363""","=""9780609805367""",0,3.90,Crown,Paperback,202,2000,1999,,2017/02/11,to-read,to-read (#10),to-read,,,,0,0
728471,The Berenstain Bears Go to the Doctor,Stan Berenstain,"Berenstain, Stan",Jan Berenstain,"=""0394848357""","=""9780394848358""",4,4.12,Random House Books for Young Readers,Paperback,32,1981,1981,,2017/02/11,,,read,,,,1,0
68333,"Beggars in Spain (Sleepless, #1)",Nancy Kress,"Kress, Nancy",,"=""0060733489""","=""9780060733483""",0,3.93,Harper Voyager,Paperback,400,2004,1993,,2017/02/11,to-read,to-read (#9),to-read,,,,0,0
23197269,Aurora,Kim Stanley Robinson,"Robinson, Kim Stanley",,"=""0316098108""","=""9780316098106""",0,3.78,Orbit,Hardcover,466,2015,2015,,2017/02/11,to-read,to-read (#8),to-read,,,,0,0
92544,Angry Candy,Harlan Ellison,"Ellison, Harlan",,"=""0395924812""","=""9780395924815""",5,4.14,Mariner Books,Paperback,324,1998,1985,,2017/02/11,,,read,,,,2,0
30165203,"American Gods: Tenth Anniversary (American Gods, #1)",Neil Gaiman,"Gaiman, Neil",,"=""""","=""""",3,4.10,William Morrow,Kindle Edition,635,2011,2001,,2017/02/11,,,read,,,,2,0
21348,Aesop’s Fables,Aesop,"Aesop, Aesop","Laura Harris, V.S. Vernon Jones, Edward Julius Detmold, G.K. Chesterton, Laura   Gibbs","=""0192840509""","=""9780192840509""",5,4.05,Oxford University Press,Paperback,352,2003,-560,,2017/02/11,,,read,,,,2,0
16131226,"This is How You Die: Stories of the Inscrutable, Infallible, Inescapable Machine of Death (Machine of Death, #2)",Ryan North,"North, Ryan","Matthew Bennardo, David Malki, 'Nathan Burgoine, Toby W. Rush, Rhiannon Kelly, Ryan Estrada, George Page III, Chandler Kaiden, Tom Francis, Grace Seybold, D.L.E. Roger, Daliso Chaponda, John Takis, Ada Hoffmann, Karen Stay Ahlstrom, Gord Sellar, Marleigh Norton, Sarah Pavis, Ren Warom, Liz Argall, John Chernega, Bill Chernega, Richard Salter, Ed    Turner, Hollan Lane, Martin Livings, Kyle Schoenfeld, M.J. Leitch, Brigita Orel, Erika Hammerschmidt, Rebecca    Black","=""1455529397""","=""9781455529391""",0,4.11,Grand Central Publishing,Paperback,508,2013,2013,,2015/07/02,to-read,to-read (#1),to-read,,,,0,0
26114433,Infomocracy (Centenal Cycle #1),Malka Ann Older,"Older, Malka Ann",,"=""0765385155""","=""9780765385154""",0,3.62,Tor.com,Hardcover,380,2016,2016,,2017/01/02,to-read,to-read (#2),to-read,,,,0,0
848029,Great Tales of Science Fiction,Robert Silverberg,"Silverberg, Robert",Martin H. Greenberg,"=""0883657015""","=""9780883657010""",0,3.82,Castle,Hardcover,529,1985,1986,,2017/02/11,to-read,to-read (#7),to-read,,,,0,0
16686,The Fantasies of Robert A. Heinlein,Robert A. Heinlein,"Heinlein, Robert A.",,"=""0312875576""","=""9780312875572""",0,3.90,Tor Books,Paperback,342,2002,1999,,2017/02/11,to-read,to-read (#5),to-read,,,,0,0
7082,Do Androids Dream of Electric Sheep?,Philip K. Dick,"Dick, Philip K.",Roger Zelazny,"=""""","=""""",0,4.09,Del Rey / Ballantine Books,Paperback,244,1996,1968,,2017/02/11,to-read,to-read (#4),to-read,,,,0,0
23196,The River Why,David James Duncan,"Duncan, David James",,"=""0553344862""","=""9780553344868""",0,4.22,Bantam,Paperback,293,1984,1983,,2017/02/11,to-read,to-read (#3),to-read,,,,0,0
4948,The Very Hungry Caterpillar,Eric Carle,"Carle, Eric",,"=""0241003008""","=""9780241003008""",4,4.34,Puffin Books,Board book,26,1994,1969,,2015/07/02,,,read,,,,1,0
100915,"The Lion, the Witch and the Wardrobe (Chronicles of Narnia, #1)",C.S. Lewis,"Lewis, C.S.","Tormod Haugen, Per Svein Paulsen","=""""","=""""",5,4.24,HarperCollins Publishers,Paperback,206,2005,1950,,2015/07/02,,,read,,,,1,0
30119,Where the Sidewalk Ends,Shel Silverstein,"Silverstein, Shel",,"=""0060513039""","=""9780060513030""",5,4.35,Harpercollins Childrens Books,Hardcover,176,2002,1974,,2015/07/02,,,read,,,,1,0
19543,Where the Wild Things Are,Maurice Sendak,"Sendak, Maurice",,"=""0099408392""","=""9780099408390""",2,4.26,Red Fox,Paperback,38,2000,1963,,2015/07/02,,,read,,,,1,0
7445,The Glass Castle,Jeannette Walls,"Walls, Jeannette",,"=""074324754X""","=""9780743247542""",5,4.33,Scribner,Paperback,288,2006,2005,,2015/07/02,,,read,,,,1,0
9548075,"Machine of Death: A Collection of Stories About People Who Know How They Will Die (Machine of Death, #1)",Ryan North,"North, Ryan","Matthew Bennardo, David Malki","=""0982167121""","=""9780982167120""",5,3.93,Bearstache Books,Paperback,452,2010,2010,,2015/07/02,,,read,,,,1,0
873165,The Annapolis Book of Seamanship,John Rousmaniere,"Rousmaniere, John",Mark Smith,"=""0684854201""","=""9780684854205""",5,4.45,Simon & Schuster,Hardcover,403,1999,,,2015/07/02,,,read,,,,1,0
18007564,The Martian,Andy Weir,"Weir, Andy",,"=""0804139024""","=""9780804139021""",5,4.42,Crown Publishers,Hardcover,369,2014,2011,,2015/07/02,,,read,,,,1,0
,"A Marriage at Sea: A True Story of Love, Obsession, and Shipwreck",Sophie Elmhirst,"Elmhirst, Sophie",,"=""""","=""""",0,,,,,,,,2026/07/14,to-read,,to-read,,,recommended by Luisa,0,0
,"Revelation Space (Revelation Space, #1)",Alastair Reynolds,"Reynolds, Alastair",,"=""""","=""""",0,,,,,,,,2026/07/14,to-read,,to-read,,,recommended by Ian (said anything by Alastair Reynolds),0,0
,"Live Free or Die (Troy Rising, #1)",John Ringo,"Ringo, John",,"=""""","=""""",0,,,,,,,,2026/07/14,to-read,,to-read,,,recommended by Ian (the Troy Rising series),0,0
,"On Basilisk Station (Honor Harrington, #1)",David Weber,"Weber, David",,"=""""","=""""",0,,,,,,,,2026/07/14,to-read,,to-read,,,recommended by Ian (the Honor Harrington series),0,0
,Naked Lunch,William S. Burroughs,"Burroughs, William S.",,"=""""","=""""",0,,,,,,,,2026/07/14,to-read,,to-read,,,recommended by a coworker at Dfinity,0,0
,Heroes: A Novel of Pearl Harbor,Alan Gratz,"Gratz, Alan",,"=""""","=""""",0,,,,,,,,2026/07/14,to-read,,to-read,,,recommended by Nico,0,0
,"The Apothecary (The Apothecary, #1)",Maile Meloy,"Meloy, Maile",,"=""""","=""""",0,,,,,,,,2026/07/14,to-read,,to-read,,,recommended by Nico,0,0
,"Persepolis: The Story of a Childhood (Persepolis, #1-2)",Marjane Satrapi,"Satrapi, Marjane",,"=""""","=""""",0,,,,,,,,2026/07/14,to-read,,to-read,,,recommended by Nico,0,0
,The Republic of Pirates: Being the True and Surprising Story of the Caribbean Pirates and the Man Who Brought Them Down,Colin Woodard,"Woodard, Colin",,"=""""","=""""",0,,,,,,,,2026/07/14,to-read,,to-read,,,,0,0
,The Moon Is a Harsh Mistress,Robert A. Heinlein,"Heinlein, Robert A.",,"=""""","=""""",0,,,,,,,,2026/07/14,to-read,,to-read,,,,0,0
,Narrative of the Life of Frederick Douglass,Frederick Douglass,"Douglass, Frederick",,"=""""","=""""",0,,,,,,,,2026/07/14,to-read,,to-read,,,,0,0
,"Shadow and Bone (The Shadow and Bone Trilogy, #1)",Leigh Bardugo,"Bardugo, Leigh",,"=""""","=""""",0,,,,,,,,2026/07/14,to-read,,to-read,,,,0,0
,Uncanny Valley,Anna Wiener,"Wiener, Anna",,"=""""","=""""",3,,,,,,,,2026/07/14,,,read,,,"meh, was alright.",1,0
,The Future,Naomi Alderman,"Alderman, Naomi",,"=""""","=""""",4,,,,,,,,2026/07/14,,,read,,,pretty good.,1,0
,"Legends & Lattes (Legends & Lattes, #1)",Travis Baldree,"Baldree, Travis",,"=""""","=""""",3,,,,,,,,2026/07/14,,,read,,,decent,1,0
,Birnam Wood,Eleanor Catton,"Catton, Eleanor",,"=""""","=""""",3,,,,,,,,2026/07/14,,,read,,,recommended by Sara. Meh.,1,0
,"A Pirate of Exquisite Mind: Explorer, Naturalist, and Buccaneer: The Life of William Dampier",Diana Preston,"Preston, Diana",Michael Preston,"=""""","=""""",4,,,,,,,,2026/07/14,,,read,,,pretty interesting!,1,0
,"The Housemaid (The Housemaid, #1)",Freida McFadden,"McFadden, Freida",,"=""""","=""""",3,,,,,,,,2026/07/14,,,read,,,,1,0
,"Slippage: Previously Uncollected, Precariously Poised Stories",Harlan Ellison,"Ellison, Harlan",,"=""""","=""""",3,,,,,,,,2026/07/14,,,read,,,,1,0
,"We Are Legion (We Are Bob) (Bobiverse, #1)",Dennis E. Taylor,"Taylor, Dennis E.",,"=""""","=""""",3,,,,,,,,2026/07/14,,,read,,,,1,0
,"Dungeon Crawler Carl (Dungeon Crawler Carl, #1)",Matt Dinniman,"Dinniman, Matt",,"=""""","=""""",4,,,,,,,,2026/07/14,,,read,,,,1,0
,"Carl's Doomsday Scenario (Dungeon Crawler Carl, #2)",Matt Dinniman,"Dinniman, Matt",,"=""""","=""""",4,,,,,,,,2026/07/14,,,read,,,,1,0
,"The Dungeon Anarchist's Cookbook (Dungeon Crawler Carl, #3)",Matt Dinniman,"Dinniman, Matt",,"=""""","=""""",4,,,,,,,,2026/07/14,,,read,,,,1,0
,"The Gate of the Feral Gods (Dungeon Crawler Carl, #4)",Matt Dinniman,"Dinniman, Matt",,"=""""","=""""",4,,,,,,,,2026/07/14,,,read,,,,1,0
,"The Butcher's Masquerade (Dungeon Crawler Carl, #5)",Matt Dinniman,"Dinniman, Matt",,"=""""","=""""",4,,,,,,,,2026/07/14,,,read,,,,1,0
,"The Eye of the Bedlam Bride (Dungeon Crawler Carl, #6)",Matt Dinniman,"Dinniman, Matt",,"=""""","=""""",4,,,,,,,,2026/07/14,,,read,,,,1,0
,"This Inevitable Ruin (Dungeon Crawler Carl, #7)",Matt Dinniman,"Dinniman, Matt",,"=""""","=""""",4,,,,,,,,2026/07/14,,,read,,,,1,0
,Project Hail Mary,Andy Weir,"Weir, Andy",,"=""""","=""""",5,,,,,,,,2026/07/14,,,read,,,,1,0
,"Zero G (Zero G, #1)",Dan Wells,"Wells, Dan",,"=""""","=""""",4,,,,,,,,2026/07/14,,,read,,,,1,0
,Dragon Planet,Dan Wells,"Wells, Dan",,"=""""","=""""",4,,,,,,,,2026/07/14,,,read,,,,1,0
,"Stargazer (Zero G, #2)",Dan Wells,"Wells, Dan",,"=""""","=""""",4,,,,,,,,2026/07/14,,,read,,,,1,0
,Lullaby,Chuck Palahniuk,"Palahniuk, Chuck",,"=""0385504470""","=""9780385504478""",4,4.36,Doubleday,,272,2002,2002,2026/08/20,2026/08/20,,,read,,,,1,0
